mean,std,p75,p90,p99,top_50pct_rate,top_10pct_rate,top_1pct_rate,lineup_id,rank_p99
95.79558,19.139671,108.74573,120.82036,139.3044,0.681,0.19,0.023,0,16
94.7044,18.71958,106.74257,118.94995,139.02965,0.648,0.149,0.02,1,727
93.659515,18.818975,106.632805,118.04145,136.03374,0.607,0.149,0.017,2,174
95.138115,19.232128,108.28684,119.27885,143.2693,0.649,0.195,0.028,3,1247
94.765625,19.046907,107.35074,119.01319,140.45123,0.626,0.193,0.023,4,995
95.01694,19.23846,107.51497,118.92091,140.0221,0.631,0.186,0.031,5,136
94.378006,18.73085,106.97025,117.98803,139.51929,0.644,0.148,0.017,6,101
93.62606,18.59742,106.311554,117.26409,137.07428,0.61,0.129,0.005,7,179
93.77544,18.456661,106.49797,116.67395,138.54433,0.591,0.128,0.012,8,875
94.94164,18.499628,107.30266,119.038,137.90817,0.648,0.161,0.015,9,1370
94.296616,18.758186,106.92149,119.365715,137.89554,0.635,0.139,0.015,10,4
95.469185,18.978287,109.16988,119.04676,141.10506,0.658,0.181,0.017,11,825
94.59911,19.328278,108.041245,119.0351,142.67366,0.627,0.181,0.025,12,758
93.93009,18.346327,106.09291,117.05639,136.65234,0.6,0.14,0.016,13,582
93.67589,18.940845,105.89407,117.8591,140.89987,0.622,0.128,0.011,14,82
94.76701,19.698933,107.45276,118.848495,146.85254,0.639,0.195,0.034,15,198
95.63239,19.02633,108.295044,119.73267,141.21745,0.668,0.196,0.019,16,29
93.497246,19.955153,106.8022,119.14966,140.33307,0.588,0.174,0.03,17,568
94.02016,19.621979,107.1007,118.43028,139.38483,0.623,0.17,0.031,18,1145
93.056366,18.7131,105.668,116.875404,136.77747,0.584,0.136,0.009,19,517
94.44358,18.331203,106.91163,118.15324,138.7245,0.632,0.142,0.01,20,1008
95.307594,18.640293,108.26625,119.760605,138.22185,0.656,0.183,0.022,21,725
93.946045,19.176327,107.14271,118.15921,140.81908,0.6,0.158,0.02,22,13
93.32595,19.41292,106.25233,118.61284,139.4046,0.602,0.14,0.013,23,1586
92.28885,19.075533,105.71859,116.51087,137.14796,0.528,0.144,0.025,24,50
94.101776,18.562712,106.65645,117.61729,139.98932,0.605,0.153,0.014,25,28
93.478905,18.645248,106.152664,118.204895,135.30554,0.609,0.128,0.011,26,1160
94.27411,20.715925,108.37333,120.593575,142.42181,0.601,0.208,0.056,27,64
94.37807,19.37235,107.736786,118.18121,142.90988,0.613,0.165,0.029,28,1485
94.47053,19.196753,107.307755,118.59996,140.49866,0.639,0.156,0.015,29,76
94.34434,19.00423,107.358475,119.23188,139.84972,0.623,0.175,0.011,30,1060
94.767075,19.247759,108.286545,119.17024,140.27946,0.65,0.171,0.018,31,602
93.94609,19.279171,107.09815,118.777885,140.02141,0.607,0.157,0.018,32,212
93.27898,18.028435,104.71971,117.07299,136.77448,0.582,0.13,0.009,33,870
93.560486,19.520159,106.66096,119.537994,139.01508,0.583,0.16,0.024,34,500
94.651,19.538048,107.505066,120.91961,140.29253,0.629,0.192,0.029,35,131
91.17405,17.861341,103.30754,114.19173,133.59927,0.508,0.078,0.003,36,193
94.19942,18.722424,106.482506,118.65829,137.23943,0.604,0.15,0.016,37,253
93.50795,18.874939,105.78307,118.218506,139.17613,0.594,0.148,0.024,38,525
94.51142,18.917566,107.20643,119.25949,138.72382,0.638,0.151,0.011,39,497
93.808624,18.258162,105.81106,117.52791,139.02501,0.586,0.129,0.012,40,446
93.55773,18.519276,106.073326,116.5795,138.4541,0.606,0.14,0.019,41,325
92.94503,19.007627,105.74679,116.908714,137.45857,0.587,0.13,0.017,42,265
93.43901,18.197693,105.2996,117.44338,135.0707,0.591,0.129,0.008,43,386
93.93664,18.750986,106.493484,117.47424,141.05075,0.611,0.139,0.01,44,512
92.569244,19.652124,106.6555,117.323364,137.60022,0.565,0.142,0.028,45,1540
94.10183,18.65749,106.77826,117.78178,136.26988,0.614,0.162,0.016,46,239
93.65147,18.574495,106.734634,117.716225,137.42995,0.592,0.153,0.019,47,453
93.01874,18.387117,104.87004,116.798294,138.18413,0.578,0.124,0.011,48,699
94.11251,18.860857,107.14981,119.49488,142.42793,0.614,0.159,0.026,49,584
92.67223,17.611431,104.63896,115.68096,133.54926,0.569,0.098,0.009,50,1829
93.14273,18.763706,105.71883,117.08341,134.30795,0.564,0.138,0.015,51,1573
94.8067,19.11761,107.389206,120.04998,138.92842,0.657,0.171,0.012,52,1219
90.01728,18.45383,102.24941,114.21499,132.36377,0.458,0.09,0.011,53,978
94.60114,18.29489,106.629745,117.80495,139.48335,0.643,0.159,0.012,54,17
93.52876,18.83558,106.171165,117.862755,137.10353,0.606,0.128,0.01,55,954
90.67468,17.862278,102.61397,113.394394,131.90657,0.476,0.082,0.005,56,12
93.373726,18.992405,106.41736,118.016624,137.93968,0.605,0.128,0.01,57,610
89.51792,17.653996,101.25801,112.93643,129.6797,0.438,0.053,0.004,58,719
92.62459,18.77155,105.42131,116.90748,139.35239,0.555,0.152,0.018,59,45
93.8787,18.93406,106.03288,117.67612,139.78275,0.611,0.142,0.017,60,92
91.755486,18.534273,104.06181,115.87325,134.92691,0.514,0.14,0.011,61,73
92.19569,18.235233,104.59871,115.79038,135.19159,0.533,0.103,0.01,62,1328
94.150826,18.65665,106.464035,118.210526,142.29338,0.623,0.16,0.025,63,1007
92.827446,18.240034,105.12118,116.34345,139.24332,0.571,0.113,0.008,64,1639
93.816666,19.162664,107.034065,118.86125,139.41934,0.587,0.201,0.026,65,1935
92.88508,18.613604,104.91421,116.45866,136.24207,0.565,0.111,0.012,66,15
92.579094,19.381523,105.83923,117.810936,136.36444,0.559,0.118,0.021,67,278
91.50037,17.886234,103.362526,114.51367,134.52913,0.5,0.095,0.005,68,23
93.165436,19.116302,105.73856,117.11697,139.06763,0.573,0.138,0.022,69,1583
91.214905,20.33559,105.073654,116.0911,139.48909,0.51,0.151,0.035,70,1373
93.10283,18.115305,105.045425,117.439545,133.8316,0.576,0.113,0.01,71,139
95.26637,19.30424,109.03395,118.96525,140.98517,0.655,0.191,0.025,72,232
92.788155,18.038876,105.46701,115.67853,135.12651,0.581,0.117,0.012,73,1051
91.99973,17.666994,103.8062,115.86553,134.77234,0.546,0.093,0.012,74,204
94.17519,19.376823,106.88966,118.69101,142.24318,0.623,0.18,0.025,75,1053
94.13945,18.940641,106.97375,118.48557,139.57109,0.607,0.163,0.016,76,1835
93.789185,18.412169,106.93602,117.34702,135.9694,0.616,0.117,0.015,77,281
94.31243,19.49759,107.527214,118.22054,140.47762,0.61,0.178,0.024,78,1076
92.33389,18.737774,105.131744,116.418015,139.61687,0.543,0.137,0.019,79,419
93.03755,19.083933,106.20599,117.05482,138.95787,0.58,0.119,0.011,80,669
94.60389,19.132172,107.43527,118.77161,142.9604,0.652,0.142,0.02,81,30
93.10441,18.43329,105.82054,117.03523,136.97232,0.586,0.122,0.007,82,79
91.11793,18.276089,103.54148,113.70582,135.47713,0.506,0.086,0.006,83,730
93.51865,19.10455,106.68254,117.29665,139.32045,0.592,0.139,0.009,84,5
92.28255,18.801704,105.156136,116.627335,136.63445,0.544,0.105,0.007,85,1178
92.52722,19.186226,104.6613,117.79666,136.92664,0.546,0.13,0.014,86,1070
92.27714,18.38021,105.12398,115.02724,136.1762,0.546,0.106,0.009,87,303
93.34482,18.484077,105.01634,117.2943,138.73416,0.578,0.123,0.01,88,623
89.387794,18.951342,101.710304,114.12672,135.81169,0.443,0.099,0.007,89,1036
92.874374,19.06632,106.42551,117.463715,138.04224,0.58,0.118,0.008,90,18
93.77475,19.46244,106.359344,118.62779,141.04109,0.597,0.167,0.019,91,458
92.450005,18.653156,104.75853,116.39954,137.62181,0.546,0.109,0.009,92,36
90.91511,18.756254,103.913345,115.0789,136.02826,0.473,0.092,0.009,93,32
93.72061,19.324657,107.10448,117.94392,139.79373,0.599,0.166,0.022,94,773
91.20205,18.537188,103.85123,115.599594,134.81125,0.501,0.098,0.009,95,190
91.94607,18.250858,104.038284,115.054306,135.98816,0.534,0.104,0.009,96,837
92.04989,17.924675,103.82994,115.387825,134.98108,0.553,0.108,0.01,97,533
91.412476,19.03366,104.475525,116.188034,137.92378,0.531,0.107,0.012,98,125
94.18121,18.975317,107.07748,119.10927,138.37144,0.623,0.149,0.013,99,1618
96.13176,19.181133,109.77955,120.47243,144.24544,0.687,0.202,0.03,100,1379
92.152565,18.520039,104.79481,116.17442,136.84366,0.549,0.109,0.013,101,967
94.60678,18.466599,106.42231,119.46428,137.81078,0.649,0.165,0.012,102,267
92.66816,20.43621,106.30441,120.10439,140.15912,0.552,0.176,0.041,103,202
94.15164,19.266832,107.32284,118.97642,139.03137,0.613,0.173,0.014,104,921
90.98672,17.671322,103.27196,113.17283,134.2853,0.508,0.073,0.003,105,104
92.109184,17.90629,104.09264,114.968925,133.98459,0.53,0.093,0.009,106,259
93.376595,18.410486,105.37098,117.24151,136.87405,0.594,0.131,0.015,107,1223
90.51964,18.061188,102.65682,114.5484,132.04332,0.468,0.074,0.002,108,1700
94.02812,19.665283,107.32675,118.595985,139.98346,0.601,0.178,0.026,109,1094
94.51764,19.301464,107.27111,119.21673,139.46706,0.619,0.177,0.031,110,1211
94.19125,19.47643,107.64944,118.78219,139.5539,0.6,0.167,0.023,111,235
92.16658,19.714172,105.77504,117.621826,139.54439,0.546,0.154,0.027,112,1129
91.844376,18.891022,105.17862,116.49357,134.38419,0.521,0.127,0.015,113,803
93.72367,19.111153,106.76141,117.96668,139.29361,0.61,0.141,0.015,114,706
92.991104,19.07976,106.50693,117.69628,137.37578,0.567,0.152,0.02,115,1759
94.26627,18.325188,106.26578,118.24112,139.6773,0.619,0.147,0.017,116,1282
90.551,18.065475,102.968864,113.95778,134.45187,0.485,0.079,0.011,117,6
92.53186,18.292677,104.43622,115.76112,136.20998,0.573,0.105,0.008,118,33
92.361885,18.810186,104.574295,116.33482,136.81944,0.551,0.098,0.006,119,26
90.511566,18.023546,103.03542,114.15657,132.97191,0.474,0.089,0.006,120,110
90.16103,17.82177,101.84239,112.611725,130.93759,0.464,0.052,0.004,121,1602
91.34665,17.85711,103.795456,114.09816,133.3481,0.511,0.085,0.008,122,1024
90.51681,17.85368,102.75384,113.689606,132.01027,0.472,0.077,0.006,123,350
94.969826,19.023962,107.90721,118.9268,140.20137,0.659,0.163,0.024,124,711
92.851395,18.563,105.139015,116.80621,135.49446,0.58,0.107,0.006,125,1645
93.05026,18.876095,106.130486,116.24402,139.33905,0.561,0.143,0.019,126,1610
91.62275,18.957438,104.18538,116.06641,134.78586,0.525,0.105,0.013,127,561
92.24031,18.961964,105.16162,116.29453,137.10799,0.538,0.114,0.012,128,495
91.94765,18.96068,104.21305,115.428474,137.84583,0.54,0.113,0.008,129,1343
93.86017,20.136593,107.327385,118.78279,141.94601,0.579,0.209,0.035,130,899
90.33743,17.40435,101.528465,112.405106,131.0182,0.482,0.067,0.002,131,881
92.88708,18.374441,105.33822,117.05451,137.25192,0.562,0.11,0.015,132,31
93.61031,19.804117,106.40773,118.707756,139.6849,0.578,0.166,0.031,133,884
93.691956,19.765287,107.34013,118.33452,139.29713,0.592,0.173,0.024,134,833
93.937935,20.83273,107.870415,119.13007,144.98444,0.58,0.208,0.048,135,1093
91.70975,18.49081,104.12219,115.20319,134.98058,0.524,0.092,0.007,136,95
91.5041,18.612658,104.18245,115.9303,135.77951,0.527,0.109,0.008,137,397
91.84247,20.882347,106.48601,118.44249,140.75842,0.502,0.18,0.034,138,61
91.59828,17.979595,103.772545,115.3756,132.6085,0.515,0.102,0.003,139,1952
93.00231,18.571644,105.07944,116.38393,137.53052,0.571,0.112,0.006,140,963
92.05026,18.687746,105.03389,115.75708,135.9896,0.543,0.1,0.01,141,1971
91.74095,18.333025,103.82648,115.34801,135.26505,0.526,0.07,0.007,142,1155
93.84504,18.901905,107.38869,119.174904,136.8229,0.598,0.137,0.01,143,987
93.3173,19.487907,106.42524,118.60976,139.20192,0.573,0.187,0.031,144,514
90.49794,17.905796,102.91319,113.87424,132.4367,0.461,0.075,0.003,145,1222
91.41463,19.45388,105.310646,115.24678,137.21829,0.514,0.115,0.005,146,1895
93.037186,18.168226,104.59823,115.87672,135.81781,0.59,0.11,0.007,147,1768
92.36415,19.115868,106.09712,116.04945,137.78983,0.544,0.14,0.011,148,134
89.862404,17.77367,101.99303,112.24508,131.77652,0.461,0.06,0.004,149,720
93.710754,18.421513,105.79358,117.296745,138.59111,0.599,0.125,0.012,150,117
91.70617,18.428917,103.73467,115.221115,134.21582,0.525,0.077,0.002,151,270
91.591034,18.466612,104.03143,115.01513,132.83437,0.509,0.08,0.002,152,1184
91.70528,19.340942,105.555534,115.25125,136.0837,0.531,0.117,0.006,153,976
89.72073,18.051626,101.38632,114.23814,132.02112,0.433,0.08,0.008,154,80
92.00974,17.877806,103.95783,115.42048,133.4934,0.544,0.101,0.003,155,714
94.61334,19.14452,107.97554,118.91263,138.21748,0.655,0.157,0.009,156,943
90.08682,18.800991,102.549164,112.68221,133.01653,0.451,0.083,0.004,157,344
90.0422,17.866884,102.185394,113.43742,131.19775,0.458,0.062,0.005,158,1454
91.51633,18.212458,104.91015,115.41652,133.70099,0.522,0.1,0.006,159,556
89.68922,18.543156,103.15791,113.7574,131.54294,0.455,0.096,0.012,160,1754
89.928375,18.66006,102.352684,115.16666,133.38849,0.455,0.111,0.01,161,77
89.84354,18.225924,102.22668,113.089905,130.16309,0.44,0.069,0.008,162,551
89.362885,17.72555,101.41978,112.62486,131.20772,0.425,0.058,0.004,163,112
91.40916,18.222464,104.26272,114.000534,134.93639,0.505,0.079,0.006,164,1903
90.72246,18.169056,103.32826,113.95675,131.81685,0.495,0.081,0.007,165,113
92.83758,19.04874,105.707214,117.06071,138.23991,0.565,0.151,0.022,166,7
87.6772,17.844776,99.49481,111.26244,129.56288,0.384,0.058,0.004,167,618
91.50938,18.605482,103.4683,115.96795,133.2448,0.508,0.091,0.006,168,71
92.608826,18.23608,104.20469,116.24535,137.5619,0.551,0.117,0.007,169,55
92.17318,19.165253,105.129196,116.86756,138.18022,0.531,0.133,0.012,170,1619
93.51779,19.379211,106.992805,118.42143,138.88676,0.588,0.156,0.019,171,111
91.71574,18.790981,104.00676,116.38208,137.50275,0.524,0.149,0.022,172,225
94.969894,19.55396,108.494835,118.94542,146.19847,0.636,0.19,0.024,173,1811
93.030266,18.415468,105.83359,117.510666,137.03363,0.564,0.13,0.01,174,1666
93.30932,18.391548,106.15814,117.50539,137.27596,0.585,0.128,0.011,175,66
92.772064,18.692278,105.39341,117.06403,138.30026,0.58,0.106,0.008,176,1102
91.72438,19.008951,105.36909,115.63863,134.65306,0.531,0.112,0.01,177,1606
94.60044,19.389698,107.63828,119.54432,143.4934,0.613,0.194,0.034,178,252
91.621544,17.978779,102.47696,115.13105,135.08455,0.535,0.112,0.008,179,24
92.34812,18.423119,105.44824,116.344406,134.1092,0.55,0.096,0.006,180,392
92.17286,17.84255,104.31326,114.974525,133.37672,0.538,0.105,0.009,181,19
93.10823,18.742365,105.66231,117.148735,138.40576,0.583,0.122,0.012,182,461
90.79586,17.984669,102.51442,113.099754,134.09013,0.494,0.079,0.01,183,1421
90.7156,19.475063,103.320206,115.69827,137.9584,0.479,0.11,0.017,184,650
90.94744,17.864641,103.36645,113.36508,133.68686,0.484,0.091,0.01,185,1147
93.276085,18.513733,105.92222,116.50345,137.54361,0.577,0.131,0.01,186,60
92.5091,18.078537,104.4559,115.98602,133.75195,0.557,0.116,0.008,187,1458
92.20553,18.661655,105.249535,115.14064,135.50673,0.546,0.104,0.005,188,127
93.97839,19.024725,106.8194,118.43767,140.23373,0.601,0.151,0.016,189,1791
91.70775,17.793152,103.75706,114.75922,132.33704,0.527,0.084,0.005,190,85
91.6795,18.478146,104.04259,116.05389,136.19417,0.519,0.114,0.013,191,1809
95.30606,19.472006,108.20423,119.89377,141.87491,0.652,0.189,0.027,192,1010
91.50666,18.229305,103.46311,114.62439,131.41194,0.52,0.093,0.005,193,1898
95.29622,18.980154,108.15919,119.81397,136.09634,0.669,0.187,0.017,194,1
91.6633,18.664139,103.66518,115.71747,139.04883,0.528,0.123,0.017,195,135
90.07741,17.985592,101.79076,113.77371,132.36902,0.48,0.077,0.003,196,1985
93.357666,19.879002,106.98169,118.272,142.92044,0.577,0.179,0.03,197,115
89.22467,18.594316,102.213104,113.39437,131.96219,0.425,0.065,0.006,198,1339
92.68826,18.80309,105.57987,116.870544,136.96725,0.567,0.112,0.011,199,1596
89.528244,18.583735,102.22597,113.90441,134.26955,0.467,0.102,0.011,200,312
94.85381,19.323317,107.75859,118.26025,140.16013,0.629,0.177,0.028,201,65
93.684654,18.586733,105.88468,117.86559,138.07416,0.599,0.154,0.013,202,436
93.20578,19.120487,104.97995,117.883575,140.73077,0.559,0.146,0.023,203,588
90.97909,18.38906,103.4771,115.18177,132.3884,0.492,0.088,0.009,204,1077
92.90002,18.152998,105.395706,116.349815,133.8833,0.557,0.116,0.008,205,145
88.41128,17.488806,99.75348,111.77221,129.31442,0.419,0.044,0.006,206,39
90.70076,18.183115,103.052505,114.2058,134.85535,0.481,0.086,0.009,207,1122
92.77333,18.792315,104.58371,117.265175,138.44208,0.548,0.136,0.017,208,997
89.059494,17.656847,101.4798,111.85673,127.88717,0.416,0.062,0.007,209,70
91.66722,18.745796,103.87167,116.2817,134.90755,0.524,0.119,0.014,210,617
94.763626,20.460398,108.012474,121.97227,142.09924,0.613,0.225,0.043,211,196
90.24502,17.937288,102.699875,113.53658,131.07785,0.464,0.064,0.004,212,765
91.10209,17.792,102.93022,114.50406,133.7099,0.493,0.096,0.013,213,105
92.49161,19.286417,105.74022,118.734795,137.45132,0.541,0.173,0.023,214,2
91.90637,18.404768,104.22004,116.27294,136.18048,0.538,0.109,0.015,215,631
90.345764,17.431877,101.58087,113.66297,133.2357,0.469,0.074,0.005,216,41
91.5506,18.611923,103.79473,116.0996,135.39261,0.527,0.12,0.015,217,894
89.723976,18.855326,102.957054,113.47275,135.70572,0.451,0.091,0.007,218,609
92.76606,18.24346,104.66965,117.06921,136.28659,0.562,0.121,0.021,219,35
92.61519,19.12047,105.033676,117.20922,137.31522,0.584,0.153,0.033,220,1752
90.356514,18.190813,103.03837,113.653984,133.88995,0.475,0.08,0.01,221,293
93.700066,19.002726,106.995766,118.70872,138.99962,0.609,0.146,0.018,222,348
92.51913,18.787605,104.27492,117.445564,137.31223,0.554,0.103,0.006,223,223
93.53686,19.230684,106.575806,117.97532,139.45845,0.606,0.127,0.014,224,402
88.74745,17.54801,100.57889,112.00854,129.51567,0.423,0.059,0.004,225,279
89.816765,18.102093,102.35396,113.933495,129.92793,0.467,0.06,0.005,226,664
90.5713,17.23707,102.14911,112.19462,130.71011,0.483,0.078,0.005,227,1620
92.44567,19.405344,105.54368,116.71732,135.26459,0.548,0.145,0.02,228,261
90.55928,18.618877,103.2742,116.003105,132.4661,0.482,0.103,0.012,229,1167
89.612236,18.737368,102.096886,114.170105,133.09972,0.467,0.092,0.013,230,317
94.029655,18.147133,106.10806,116.84633,140.74371,0.618,0.123,0.019,231,81
91.512924,18.058628,103.44177,115.10026,134.95367,0.529,0.113,0.011,232,347
93.71277,18.431181,106.00777,118.20697,137.76329,0.593,0.142,0.014,233,53
93.438576,19.582478,105.94338,118.219345,140.05609,0.588,0.156,0.019,234,1966
91.036285,18.235687,102.4422,114.63519,134.42964,0.5,0.081,0.004,235,565
91.78604,18.055935,103.18164,116.10912,135.43071,0.523,0.103,0.014,236,339
90.599525,19.266203,103.99285,115.24194,135.2869,0.489,0.113,0.013,237,172
92.686455,19.581259,105.882416,117.73983,141.4254,0.548,0.149,0.025,238,1769
91.53813,19.071012,104.61493,116.92135,135.1855,0.519,0.096,0.004,239,349
91.78314,18.403366,103.66716,115.70334,134.87976,0.529,0.098,0.008,240,355
92.1209,18.057886,103.765366,115.74462,135.89812,0.536,0.108,0.011,241,1859
92.81165,18.57813,105.711105,116.493706,136.79332,0.585,0.122,0.015,242,916
92.24347,18.292925,104.97777,116.02428,135.32237,0.555,0.082,0.005,243,299
93.164345,18.43533,105.88977,116.705956,136.48366,0.594,0.121,0.011,244,1948
89.59189,17.80365,101.02516,112.792046,131.52638,0.438,0.07,0.003,245,1112
93.93995,19.208254,107.62073,117.58087,136.51811,0.6,0.16,0.027,246,1462
92.24071,19.125563,104.968704,116.4961,136.13661,0.556,0.116,0.012,247,786
91.273766,17.7115,103.49056,113.039246,132.45015,0.504,0.1,0.011,248,316
91.88433,18.068651,103.82047,114.99686,135.2091,0.527,0.115,0.007,249,655
91.94637,18.878994,104.81801,115.76872,136.26057,0.53,0.096,0.009,250,89
92.04392,19.463348,105.10509,115.552635,139.40569,0.531,0.135,0.013,251,294
93.94428,19.067896,107.381035,118.89246,141.86679,0.607,0.172,0.019,252,1880
94.05,19.449387,106.88611,119.88176,138.63068,0.614,0.168,0.025,253,534
90.01944,17.805225,102.32864,113.01542,130.4778,0.467,0.08,0.009,254,878
90.95274,18.907381,103.87883,115.84809,134.68622,0.49,0.096,0.009,255,21
89.74155,19.448685,103.41522,113.767426,134.01102,0.453,0.101,0.011,256,40
91.150375,18.064146,104.09538,114.52382,134.46227,0.496,0.086,0.007,257,600
95.10614,18.808428,107.63689,119.28038,140.15172,0.641,0.183,0.02,258,1141
88.23103,17.980772,100.21323,111.34677,129.91817,0.393,0.04,0.0,259,598
94.304596,18.696001,107.03828,118.94061,138.97362,0.629,0.166,0.02,260,532
91.71913,18.373749,104.2642,114.82256,136.57304,0.523,0.107,0.017,261,1331
92.31569,18.07756,104.43053,116.17437,136.89719,0.553,0.099,0.008,262,254
92.67006,18.717318,105.65934,116.86232,138.48152,0.562,0.136,0.014,263,1127
93.139854,19.308674,106.08609,118.277016,141.59657,0.561,0.15,0.016,264,405
92.242546,18.438637,104.20579,115.24628,136.37802,0.548,0.117,0.014,265,723
93.44864,18.412304,106.15188,116.04406,140.16164,0.581,0.143,0.017,266,151
94.80829,19.414024,108.20708,120.79526,138.46977,0.631,0.21,0.042,267,1827
90.448074,17.585258,102.20862,113.13024,129.56201,0.477,0.072,0.005,268,1612
90.42098,20.261179,104.19494,115.184296,139.66797,0.467,0.132,0.012,269,1836
91.019485,18.516613,103.597374,115.21933,134.92236,0.51,0.069,0.004,270,1578
92.41671,18.140152,104.65029,115.328156,135.47705,0.551,0.101,0.011,271,412
93.18758,18.623697,105.49968,116.883415,137.4212,0.584,0.112,0.01,272,1901
91.58373,17.755816,103.444695,114.505394,134.68687,0.536,0.089,0.005,273,9
92.71277,19.197603,105.80992,117.75259,137.0462,0.564,0.151,0.024,274,788
89.66949,17.95489,102.68062,112.24921,128.87962,0.441,0.075,0.01,275,806
91.16858,17.891487,103.161125,114.8753,132.37001,0.492,0.083,0.006,276,1696
93.64345,19.50288,106.64302,117.9426,140.88768,0.59,0.155,0.014,277,1279
93.85703,19.062588,106.45601,118.48887,138.98206,0.615,0.139,0.016,278,1206
89.61736,17.557718,100.93992,112.10125,130.43881,0.463,0.071,0.005,279,1717
93.30298,19.311493,106.290344,118.47612,140.56367,0.567,0.153,0.02,280,1042
92.44844,18.784758,104.86339,117.15736,133.69908,0.559,0.124,0.019,281,802
92.54956,18.403418,105.38685,116.095566,134.1586,0.564,0.092,0.01,282,264
91.86612,19.368181,104.76657,117.07958,137.6144,0.537,0.15,0.027,283,1185
91.38497,18.85566,104.69289,115.63663,134.48024,0.518,0.127,0.016,284,268
91.54252,18.596485,104.72188,115.382065,135.18533,0.522,0.09,0.004,285,1687
92.674446,18.400745,104.738716,116.507095,136.18147,0.582,0.113,0.005,286,42
92.6463,18.15341,104.62671,116.4775,134.90935,0.561,0.108,0.004,287,496
88.86352,17.89056,100.40028,112.06719,131.35826,0.409,0.052,0.003,288,209
91.15537,17.737822,102.58284,114.084785,133.78978,0.504,0.075,0.005,289,1416
92.875046,18.203678,105.14375,116.95541,134.5274,0.569,0.133,0.018,290,1463
92.694084,18.373348,105.36528,116.51019,134.73495,0.555,0.105,0.011,291,1638
91.24668,19.81363,103.794525,117.736244,139.01065,0.502,0.138,0.021,292,994
93.170906,19.60196,106.8485,118.81053,138.72949,0.577,0.154,0.014,293,183
87.56655,18.200487,100.62799,110.472176,129.57245,0.377,0.066,0.006,294,970
88.65044,17.3143,99.846756,110.46536,131.87874,0.416,0.053,0.002,295,1942
93.20397,18.237709,105.871895,116.77387,134.73204,0.587,0.119,0.007,296,345
90.1743,17.55891,101.951935,112.40564,129.62367,0.454,0.066,0.002,297,100
91.756096,19.322895,104.48705,116.34835,138.81712,0.529,0.133,0.018,298,849
92.517235,18.58141,105.56772,116.47581,134.3128,0.572,0.116,0.003,299,454
93.189835,18.779598,105.78218,117.094315,136.59727,0.583,0.139,0.018,300,1972
92.487656,18.66096,104.610275,117.283005,135.95876,0.544,0.137,0.014,301,680
93.22431,19.5756,105.68409,119.2737,140.39941,0.588,0.156,0.019,302,566
91.211815,19.811052,105.03245,117.21905,136.68547,0.499,0.12,0.017,303,659
90.44864,18.67029,103.643684,115.406425,132.10023,0.472,0.105,0.008,304,177
93.86652,18.678682,106.18944,118.264595,137.39308,0.594,0.156,0.02,305,338
92.94773,19.246492,105.77791,116.93718,137.71742,0.584,0.176,0.025,306,1693
91.37868,18.498844,103.62408,115.479454,136.87129,0.511,0.111,0.008,307,597
91.454796,18.119328,104.13148,114.77278,133.2507,0.514,0.089,0.003,308,167
92.38644,18.597864,105.43521,116.44543,134.31273,0.55,0.104,0.015,309,1472
91.57282,18.422565,103.9092,114.77572,134.92827,0.507,0.087,0.004,310,1623
93.8053,19.280067,106.71376,119.67374,139.24966,0.602,0.179,0.021,311,22
92.703026,18.061205,104.88307,117.028145,135.1287,0.565,0.118,0.007,312,157
91.056625,18.202808,103.33472,114.64201,133.27357,0.497,0.082,0.008,313,1446
90.70475,17.714046,101.90726,114.15372,132.20078,0.472,0.068,0.009,314,1281
92.67155,20.0177,106.29963,118.08434,138.76727,0.561,0.153,0.027,315,49
94.28046,18.957554,107.31778,118.463486,138.96112,0.62,0.17,0.022,316,171
90.73989,18.045233,103.132065,114.11772,132.28688,0.485,0.099,0.012,317,1427
88.584465,17.547642,100.85702,111.321236,129.49265,0.414,0.043,0.002,318,1378
92.53095,19.057331,106.18112,118.00329,136.33765,0.534,0.143,0.013,319,415
93.001144,18.531265,105.87054,116.68631,137.07709,0.579,0.121,0.017,320,1891
94.11595,18.645134,107.01856,117.97085,137.55861,0.623,0.148,0.011,321,860
91.77111,18.282593,104.417496,114.53509,134.9911,0.527,0.11,0.005,322,1597
90.57677,17.725973,102.81752,114.46319,129.6507,0.48,0.077,0.002,323,836
94.776474,19.389668,108.170815,119.484436,141.64453,0.627,0.186,0.019,324,1405
92.700455,19.25065,106.00481,118.50346,137.06229,0.558,0.131,0.013,325,203
90.71164,18.533373,103.40724,114.44301,132.39384,0.478,0.088,0.009,326,363
92.50995,19.55614,105.77599,117.77234,137.95468,0.552,0.16,0.029,327,1810
91.904076,18.809671,104.08766,117.1705,134.82512,0.539,0.094,0.009,328,642
91.5386,19.613033,105.291214,116.92113,136.10785,0.492,0.123,0.013,329,1231
90.89344,18.252022,103.44646,115.81605,131.6297,0.471,0.079,0.008,330,1181
93.03122,18.31647,105.229416,117.68127,135.68866,0.587,0.102,0.009,331,1868
87.99573,17.534792,99.97849,111.08153,127.600655,0.371,0.047,0.004,332,91
93.16022,18.773472,106.45766,118.04741,135.03166,0.585,0.134,0.018,333,1876
88.984604,17.412458,100.03635,111.31756,131.35722,0.403,0.054,0.004,334,1823
91.09889,18.856527,103.675674,115.97011,135.01396,0.5,0.098,0.008,335,1998
92.99704,18.191944,105.31334,115.53483,135.26263,0.57,0.116,0.006,336,1450
92.78417,19.277859,105.6765,117.418304,138.29466,0.57,0.121,0.013,337,1301
91.86258,19.22093,104.26866,116.60496,138.90964,0.522,0.107,0.011,338,572
91.41992,19.388968,104.478874,116.52033,137.21114,0.512,0.122,0.018,339,548
93.11247,18.40837,104.89477,116.55586,137.7526,0.557,0.136,0.014,340,676
90.441826,18.254818,102.54081,113.523994,130.95445,0.467,0.063,0.003,341,1782
92.694984,18.940195,105.43355,116.94453,137.33105,0.562,0.138,0.016,342,185
92.02571,18.87732,104.7406,115.3126,139.60312,0.531,0.107,0.005,343,328
93.5058,19.188644,105.891136,117.668884,138.389,0.603,0.15,0.018,344,422
90.77323,19.507217,103.25986,115.68043,137.33214,0.48,0.134,0.023,345,58
94.101135,19.324883,106.390366,118.95242,138.94884,0.608,0.162,0.026,346,1428
93.31377,19.239931,106.561,117.42315,139.00414,0.579,0.146,0.015,347,1326
93.14408,19.02346,105.093864,117.58511,138.85713,0.59,0.117,0.006,348,99
92.150505,20.626238,105.85156,118.15811,139.8885,0.517,0.17,0.033,349,835
93.2757,18.65187,105.31769,117.62534,137.34482,0.575,0.134,0.013,350,975
87.4588,17.574358,99.32008,109.84079,125.894196,0.365,0.04,0.002,351,1275
86.07562,17.554745,97.8855,109.11783,125.986145,0.326,0.05,0.003,352,10
90.91842,19.00667,103.2817,116.44441,132.67899,0.491,0.097,0.005,353,851
92.83383,19.090326,105.86165,116.97795,138.844,0.545,0.153,0.012,354,1863
88.43386,17.876633,100.30675,111.74572,131.93141,0.408,0.045,0.004,355,11
87.403435,18.30681,100.44989,110.495705,129.25983,0.373,0.071,0.004,356,821
92.395874,18.687399,105.19313,115.782524,137.5996,0.542,0.119,0.012,357,579
92.317696,17.911837,103.98474,115.6997,133.96632,0.548,0.114,0.006,358,130
89.608826,18.071321,101.79103,113.446594,132.728,0.439,0.06,0.007,359,1916
90.94389,17.904268,103.18626,114.439514,131.39355,0.5,0.091,0.007,360,630
92.20372,18.682575,104.49058,116.71826,133.7079,0.546,0.133,0.014,361,1169
91.74355,19.8318,105.02095,116.36016,138.07397,0.519,0.126,0.024,362,689
92.77678,18.694557,105.13485,116.79016,136.1017,0.564,0.128,0.015,363,103
90.18856,17.529484,100.98651,113.73175,132.97798,0.47,0.063,0.006,364,376
92.22065,18.142504,104.32378,116.06283,134.76196,0.535,0.123,0.006,365,1345
92.56684,18.747074,105.13907,116.82688,136.04588,0.557,0.11,0.007,366,149
89.35117,18.515497,101.198494,113.706795,133.23227,0.439,0.075,0.004,367,1629
89.32078,17.483416,100.498726,112.015236,132.40752,0.436,0.059,0.0,368,1584
91.360466,18.412052,103.32956,115.25789,133.65971,0.534,0.091,0.007,369,1190
91.74325,18.044785,104.23655,115.96428,136.81728,0.518,0.094,0.004,370,1550
93.862335,18.765802,106.44392,117.70461,136.20766,0.609,0.142,0.02,371,234
89.661674,17.941248,101.29181,112.80572,129.96284,0.447,0.051,0.003,372,1504
91.20592,19.428864,104.198746,116.93161,135.49164,0.516,0.114,0.008,373,1481
93.69465,18.316692,106.31113,117.64291,136.64153,0.607,0.118,0.007,374,341
91.88079,19.488035,104.648155,116.86137,137.80391,0.514,0.138,0.016,375,1380
90.04636,18.085655,102.3184,113.56214,131.69917,0.449,0.067,0.004,376,1803
89.017,17.838648,101.12244,111.917564,130.90495,0.422,0.052,0.005,377,1566
88.833954,17.296377,100.79675,111.1006,128.18626,0.411,0.052,0.004,378,1506
88.64684,18.576004,100.860466,112.77994,131.76366,0.395,0.072,0.004,379,529
92.695045,18.263653,105.44985,116.82596,134.76399,0.571,0.102,0.005,380,307
85.61808,17.406334,97.035576,107.90948,125.344154,0.31,0.034,0.002,381,937
92.111206,17.856705,104.03783,115.33883,132.56728,0.543,0.108,0.009,382,647
91.60793,17.825926,103.84415,113.65153,136.13457,0.514,0.095,0.007,383,1071
89.49378,18.012285,101.999504,113.38525,132.97601,0.444,0.071,0.005,384,1464
92.47729,19.695982,105.55653,117.46113,141.50316,0.537,0.148,0.019,385,1319
85.60584,17.73235,97.4471,109.39411,128.71971,0.321,0.041,0.004,386,1035
93.53035,18.652493,105.31266,117.62835,137.49239,0.571,0.136,0.027,387,932
92.6707,19.207521,105.91028,116.80258,136.99849,0.544,0.154,0.01,388,909
91.038925,18.15455,103.16472,114.84399,135.88188,0.48,0.084,0.006,389,1855
86.89596,17.58626,98.69575,109.70636,127.518036,0.348,0.045,0.002,390,93
93.6455,18.425112,106.45647,117.584175,139.39537,0.592,0.138,0.013,391,590
90.604645,18.22783,102.951,113.14771,135.47856,0.488,0.091,0.006,392,284
90.66923,18.229757,102.65751,114.50531,133.54555,0.481,0.083,0.009,393,46
90.14198,19.398005,103.85626,115.013054,134.12645,0.468,0.097,0.015,394,358
89.87501,18.108028,101.68105,114.192604,130.0925,0.461,0.102,0.017,395,1435
93.27407,19.366058,105.50798,117.81231,139.78728,0.583,0.148,0.019,396,1174
91.17522,18.154478,103.18631,114.807076,133.76419,0.492,0.088,0.005,397,537
90.829346,19.326044,103.48207,116.41148,136.05754,0.502,0.133,0.022,398,1806
90.23839,17.64183,101.820145,112.60833,134.01633,0.473,0.059,0.004,399,693
89.159615,17.478207,101.4621,111.47179,132.2672,0.426,0.062,0.002,400,170
94.87737,18.763165,107.53754,118.012505,138.9829,0.651,0.159,0.019,401,1479
89.07311,17.318983,100.93799,111.05712,127.53693,0.418,0.052,0.001,402,322
92.179436,18.93632,104.550964,115.859856,136.04945,0.54,0.115,0.011,403,570
92.17071,18.511332,105.17525,114.83715,138.62032,0.541,0.119,0.016,404,187
90.54972,17.886587,102.315384,113.47502,133.67183,0.478,0.068,0.005,405,141
89.751076,17.93428,102.227264,112.750595,130.03862,0.427,0.07,0.006,406,1459
91.45681,18.627579,103.92897,114.69306,135.2039,0.52,0.124,0.015,407,1438
90.34361,17.588692,101.90621,113.24474,132.9616,0.463,0.075,0.008,408,1217
91.712204,18.762838,104.51196,115.0379,136.56743,0.521,0.106,0.013,409,173
92.11893,18.191423,104.1999,115.70493,135.6649,0.541,0.094,0.006,410,1106
93.35705,19.23968,106.763565,118.74081,138.56615,0.58,0.163,0.018,411,388
88.502884,17.687767,100.64527,111.08209,129.06079,0.391,0.069,0.006,412,1635
90.19073,17.55022,101.616646,113.22924,133.22493,0.463,0.073,0.007,413,1194
92.529236,18.453236,104.47406,116.70764,138.13243,0.568,0.105,0.009,414,662
91.846535,17.735043,104.34342,114.370186,134.82513,0.515,0.096,0.003,415,1022
90.49317,19.312124,103.55318,115.64684,134.5956,0.491,0.125,0.015,416,671
90.69064,18.244907,103.38007,113.963806,134.23466,0.485,0.076,0.006,417,1682
93.161064,19.948938,106.393585,118.791245,140.52814,0.575,0.168,0.028,418,43
89.37752,17.965273,102.169334,112.07804,129.39441,0.426,0.077,0.002,419,1820
88.935356,17.898434,100.98595,111.59198,131.53474,0.432,0.041,0.001,420,1097
92.07973,19.727333,105.53836,116.86068,137.94481,0.54,0.141,0.024,421,215
91.41772,19.26531,104.39262,116.39173,135.30818,0.514,0.126,0.01,422,595
93.67314,18.080992,105.77036,116.920586,135.91687,0.612,0.114,0.008,423,48
91.04435,18.808662,102.93767,113.87344,135.64116,0.491,0.112,0.008,424,1164
90.23901,18.97423,103.52139,114.93779,134.85426,0.467,0.092,0.007,425,273
90.32969,17.765469,101.796295,112.78917,132.75253,0.467,0.065,0.004,426,1546
90.69063,19.074682,103.9787,115.909645,135.28319,0.487,0.108,0.012,427,306
91.81839,18.71379,103.62612,115.94634,135.741,0.512,0.135,0.019,428,1564
89.25172,17.976334,100.994446,112.67726,131.38898,0.403,0.064,0.004,429,116
92.64478,18.8601,105.530426,116.58426,134.3388,0.563,0.086,0.005,430,861
91.18405,17.89815,103.008965,114.28986,134.48569,0.512,0.085,0.006,431,635
92.95266,18.3274,105.58422,117.6301,136.5975,0.592,0.128,0.012,432,1341
91.02901,18.125956,103.02896,114.06211,132.88672,0.502,0.086,0.007,433,583
91.44427,18.281256,103.13642,115.20478,135.54713,0.51,0.098,0.002,434,351
92.70648,19.017256,105.07271,118.31134,139.24161,0.56,0.142,0.016,435,1796
91.04636,18.154005,103.10335,114.5309,132.43555,0.504,0.099,0.009,436,346
92.94934,18.415,105.66063,116.63315,136.29782,0.577,0.119,0.011,437,343
91.74411,18.833288,104.27462,116.45508,133.56789,0.519,0.102,0.01,438,1795
89.60354,17.599483,101.50988,113.03765,129.97939,0.427,0.057,0.0,439,221
92.19321,18.904373,104.62974,116.960945,135.90775,0.539,0.08,0.003,440,1950
93.36717,18.46803,105.389175,117.264824,137.18033,0.594,0.122,0.013,441,224
90.912506,18.43792,102.85649,115.03783,136.71732,0.482,0.083,0.006,442,1849
90.84411,18.913214,103.52312,115.4306,132.92773,0.483,0.11,0.013,443,1240
91.631,18.00873,103.10832,115.93746,134.05103,0.502,0.113,0.012,444,867
93.38444,19.410248,106.81132,117.043625,141.67781,0.576,0.158,0.023,445,176
93.17163,18.678762,105.7005,117.20784,136.78638,0.593,0.132,0.009,446,1851
91.83453,18.527529,104.901794,115.50479,135.28745,0.524,0.106,0.014,447,729
92.07758,18.900188,104.567986,116.12581,136.39355,0.546,0.095,0.006,448,133
92.73205,18.587255,105.33917,116.427666,135.9396,0.558,0.118,0.013,449,38
92.36409,18.882286,104.37006,117.130424,134.97208,0.559,0.107,0.009,450,1957
88.65106,18.076744,100.83913,112.304695,129.58752,0.398,0.055,0.003,451,147
93.8253,19.87831,107.28195,119.593414,141.42311,0.594,0.17,0.023,452,879
93.613144,18.151808,105.614975,116.91747,138.37035,0.587,0.115,0.011,453,1886
89.838776,18.314796,102.24202,113.79251,134.93176,0.476,0.082,0.007,454,999
92.82817,18.437405,105.55179,115.8227,136.09718,0.573,0.114,0.009,455,340
88.93434,17.837536,101.06485,112.54722,131.68184,0.405,0.046,0.002,456,1224
94.44228,19.13996,106.92119,119.17478,140.30257,0.618,0.193,0.03,457,866
92.04936,18.321138,104.66161,116.0234,133.08775,0.525,0.117,0.009,458,571
92.571014,18.009527,104.75629,116.07791,134.88326,0.565,0.09,0.001,459,1707
91.69892,19.293873,104.46615,115.90082,139.37569,0.513,0.109,0.01,460,1037
91.337234,17.932789,102.67195,113.99681,133.40578,0.507,0.093,0.006,461,442
93.507805,18.703459,106.40456,117.03926,136.78787,0.604,0.142,0.01,462,1385
93.613846,18.038105,105.24478,117.083015,136.91043,0.604,0.137,0.012,463,819
91.17802,17.806732,103.92029,113.34766,132.8073,0.507,0.076,0.004,464,474
88.89636,17.480747,100.943985,111.73213,128.12851,0.396,0.062,0.0,465,25
93.96842,18.686481,107.22692,118.28938,135.49432,0.621,0.154,0.017,466,1657
90.21033,18.460442,102.2434,114.59524,132.33711,0.454,0.078,0.003,467,1417
93.35552,19.183468,106.16401,117.48997,136.78792,0.606,0.122,0.007,468,129
88.84449,17.410303,100.44302,110.47536,127.35409,0.407,0.044,0.003,469,1501
91.50239,19.16784,104.13431,116.32645,134.44835,0.52,0.114,0.008,470,56
91.79097,18.199902,103.73684,114.9821,134.09383,0.541,0.1,0.009,471,838
92.45128,18.192032,103.93036,116.67252,134.3088,0.555,0.087,0.007,472,321
92.23269,19.124529,105.459366,117.814026,137.15753,0.54,0.143,0.015,473,8
92.6647,17.88243,103.941956,116.000534,136.94302,0.551,0.109,0.008,474,1068
93.602135,18.131926,105.43244,116.46697,136.10945,0.616,0.131,0.008,475,326
89.741234,17.927332,101.77635,112.78772,131.1422,0.459,0.065,0.005,476,1869
89.45453,17.876675,101.829575,113.02059,132.14328,0.439,0.061,0.002,477,580
90.48736,18.008606,102.4194,113.16305,134.33191,0.47,0.078,0.003,478,1295
88.731514,18.422375,100.54998,113.131325,131.36015,0.406,0.06,0.002,479,275
93.978264,18.952406,107.41686,117.27715,135.9706,0.6,0.164,0.023,480,701
90.88161,17.615574,103.16713,113.65167,130.31853,0.491,0.069,0.003,481,1565
91.36476,18.762527,103.924255,114.47753,135.23773,0.497,0.102,0.006,482,175
92.9688,18.205734,104.81206,116.89135,134.64351,0.557,0.117,0.007,483,591
90.96553,18.113827,102.918205,113.92534,135.44673,0.485,0.069,0.004,484,1381
90.882065,18.11713,103.92629,114.1035,133.76495,0.504,0.078,0.002,485,1133
88.13966,17.414354,100.7736,110.515945,126.302246,0.378,0.055,0.006,486,1706
92.04393,17.851107,103.83034,115.67115,134.74573,0.544,0.09,0.009,487,753
91.908394,17.707758,104.22236,113.8051,134.82869,0.537,0.099,0.005,488,1414
91.674126,18.107399,103.8829,114.89426,130.85953,0.52,0.105,0.01,489,389
89.97189,18.6839,102.61685,114.31419,135.6682,0.442,0.086,0.008,490,1315
91.87733,18.052807,104.328674,114.948135,133.42792,0.516,0.102,0.003,491,1399
90.716125,17.337616,102.15313,112.76159,134.14415,0.493,0.075,0.008,492,1394
91.38821,19.118254,104.174835,116.47381,134.94449,0.502,0.11,0.011,493,1702
92.65186,18.09725,105.121185,115.30714,139.86229,0.55,0.11,0.006,494,1455
92.86339,19.07967,105.66465,117.04295,138.44359,0.571,0.116,0.012,495,83
94.21489,18.864594,106.46126,117.969246,141.70798,0.621,0.142,0.017,496,200
90.38881,18.573303,102.43217,115.24038,133.39227,0.474,0.063,0.002,497,1720
89.262314,17.175661,100.59271,111.85288,129.11148,0.428,0.054,0.002,498,702
93.77344,19.716238,107.237076,118.33691,142.00679,0.592,0.17,0.031,499,965
89.55381,17.171606,100.95262,111.676895,129.07935,0.448,0.054,0.003,500,1658
90.87773,17.934387,102.900154,113.44247,130.26555,0.469,0.083,0.003,501,649
90.58734,18.08523,103.10057,113.417366,131.20766,0.462,0.074,0.002,502,1426
87.21418,16.846996,98.754776,109.246086,125.24415,0.368,0.032,0.006,503,475
90.53693,18.367916,102.43298,113.38035,134.0046,0.491,0.068,0.003,504,1530
90.252396,18.895573,102.645836,113.61129,135.85498,0.467,0.093,0.007,505,633
88.560196,17.558651,100.71967,111.10407,127.395966,0.388,0.052,0.001,506,87
89.24896,17.134657,100.41109,111.896194,128.91245,0.419,0.052,0.002,507,464
89.95389,18.213285,102.57908,112.70936,132.89008,0.463,0.077,0.006,508,1936
88.13751,17.448317,99.79803,111.54455,128.71307,0.401,0.054,0.004,509,263
89.73567,17.388508,101.242226,112.45619,127.93044,0.455,0.064,0.004,510,871
94.267715,19.242989,106.64603,118.80688,141.48602,0.63,0.156,0.015,511,695
90.48742,17.896729,103.22394,113.95185,128.6408,0.467,0.077,0.003,512,1643
93.86324,18.687613,106.21528,118.08399,139.73674,0.604,0.141,0.012,513,1101
91.51631,19.189127,104.45143,115.75673,136.056,0.51,0.141,0.022,514,968
91.2835,18.147758,103.7419,114.29923,133.77592,0.499,0.091,0.007,515,108
93.30727,19.631926,107.19976,117.05887,142.78877,0.563,0.161,0.02,516,308
87.88168,17.526987,100.24544,110.919136,128.77925,0.388,0.046,0.002,517,848
91.47658,18.728422,103.98898,116.27559,135.26808,0.512,0.141,0.025,518,1020
90.73975,18.338818,103.30412,114.7708,134.87767,0.482,0.083,0.006,519,1609
90.003654,19.578205,103.34231,116.289375,135.24014,0.457,0.125,0.025,520,700
90.546425,17.989967,102.372894,113.90233,135.56372,0.477,0.094,0.006,521,102
91.39414,18.497858,103.33211,115.30487,136.6721,0.515,0.105,0.01,522,1393
89.24544,20.314497,102.815094,115.00374,136.62512,0.45,0.125,0.021,523,1770
92.869606,19.10011,104.98703,117.81687,141.73373,0.562,0.154,0.017,524,144
92.57362,18.85028,105.87012,116.27132,136.33034,0.547,0.135,0.014,525,120
92.4105,18.337454,105.00889,115.56585,134.6426,0.547,0.098,0.011,526,371
90.52096,17.615595,102.62647,114.06632,131.86987,0.46,0.058,0.003,527,1249
91.78949,19.151136,104.72541,116.699265,137.71942,0.518,0.145,0.026,528,243
91.08664,18.310884,103.08269,115.034134,134.76202,0.499,0.102,0.002,529,469
90.28023,17.888197,101.76953,112.889404,132.81308,0.497,0.062,0.005,530,463
94.279076,18.383001,107.083824,117.26031,138.65573,0.632,0.132,0.01,531,447
93.948006,18.122177,106.90447,116.77441,140.20341,0.603,0.133,0.009,532,1043
93.54764,18.7171,106.17216,117.38499,138.72704,0.598,0.136,0.014,533,934
90.17494,18.34197,102.30789,114.000755,134.66393,0.463,0.097,0.003,534,977
89.112404,18.409779,101.55357,112.29265,129.78336,0.422,0.086,0.004,535,20
93.28681,18.984257,106.651955,118.588905,137.58401,0.572,0.153,0.02,536,944
91.88231,17.979206,103.48166,115.55954,135.93936,0.529,0.102,0.009,537,772
90.02339,18.003788,101.70416,113.93351,130.19563,0.459,0.068,0.009,538,34
91.84744,18.728792,104.73006,116.55805,134.99092,0.524,0.109,0.015,539,1387
91.896515,19.21755,104.75357,117.51436,136.7336,0.514,0.141,0.018,540,917
90.47754,17.681551,102.20543,112.8179,132.92023,0.484,0.072,0.004,541,1132
91.02031,17.669062,103.2224,113.773186,132.06587,0.506,0.061,0.005,542,1245
90.94934,17.9321,103.429985,113.5425,133.28357,0.496,0.079,0.007,543,541
89.87244,17.770418,101.98465,113.44584,129.16646,0.45,0.055,0.002,544,1091
93.32319,18.84195,105.53833,118.43915,136.62108,0.561,0.14,0.018,545,731
92.0502,19.320156,105.37485,117.600494,136.19788,0.541,0.148,0.022,546,443
92.778305,18.770542,105.08606,117.23543,137.97182,0.579,0.135,0.025,547,304
91.18014,19.19282,104.5304,116.262886,134.7638,0.493,0.141,0.02,548,713
90.753654,18.080772,102.74356,113.74955,133.49857,0.48,0.069,0.002,549,523
92.489685,19.664165,105.26219,117.14677,139.56372,0.548,0.138,0.011,550,1119
90.750465,18.221828,102.73116,113.9311,131.143,0.495,0.075,0.004,551,1274
92.70736,18.949726,105.68287,117.98387,135.00493,0.551,0.153,0.02,552,14
91.87205,18.121223,103.85467,115.91789,133.27927,0.537,0.111,0.006,553,375
90.68414,17.834724,102.85129,113.16849,132.58698,0.496,0.068,0.003,554,559
92.87589,19.516266,106.4869,118.36296,139.58824,0.558,0.175,0.028,555,86
89.44278,18.451694,101.93434,112.391136,131.61542,0.429,0.086,0.009,556,524
89.07836,17.040466,102.2204,110.34993,127.94162,0.404,0.061,0.004,557,1665
93.19186,18.802498,105.95935,117.18523,136.64087,0.59,0.104,0.006,558,546
89.6892,17.91427,101.150734,113.984406,132.02565,0.441,0.081,0.003,559,1626
92.520515,19.044992,105.75612,117.10513,139.86606,0.54,0.16,0.021,560,1589
89.69137,18.371479,102.02872,112.986244,132.99226,0.457,0.083,0.012,561,684
90.967674,19.172804,104.80076,115.30301,134.78662,0.496,0.126,0.021,562,1238
85.45289,17.417948,97.128296,107.72254,128.6907,0.282,0.025,0.002,563,433
93.807106,19.082558,106.80409,117.5936,138.92262,0.594,0.137,0.009,564,301
92.70642,19.043774,105.53085,117.413925,138.31335,0.548,0.139,0.018,565,1775
91.721344,18.735266,105.04494,116.48175,134.84618,0.526,0.131,0.013,566,1644
93.489136,20.00777,107.00084,119.0388,142.89624,0.578,0.161,0.032,567,1342
91.6698,18.921143,104.93438,115.42696,134.86472,0.525,0.125,0.014,568,262
92.319984,18.277407,105.18353,115.86051,137.55666,0.548,0.089,0.004,569,1493
93.60247,18.50393,105.79614,116.93627,137.19307,0.6,0.139,0.015,570,410
91.007576,19.484476,104.34779,115.71163,137.9943,0.491,0.116,0.013,571,1492
90.06522,18.481369,102.29414,114.37434,132.13585,0.466,0.089,0.009,572,577
92.491264,18.231009,104.93332,115.778076,136.5494,0.566,0.112,0.008,573,1116
92.3682,18.462624,104.94707,115.88829,133.47643,0.565,0.115,0.006,574,1675
87.32539,17.816277,98.6723,110.65346,128.5704,0.364,0.057,0.006,575,574
91.87476,19.511515,105.448166,117.42924,136.56046,0.526,0.111,0.014,576,1175
91.854706,17.978088,104.444244,115.30162,132.62659,0.528,0.096,0.007,577,1453
92.202545,18.199213,103.869,115.047714,137.87767,0.54,0.119,0.013,578,1656
94.30258,18.687601,106.61968,117.705956,137.05215,0.635,0.151,0.015,579,749
89.28319,17.973883,101.16313,113.158485,130.49535,0.444,0.09,0.008,580,247
93.18162,19.495886,106.466324,117.98984,143.01126,0.558,0.163,0.022,581,1314
91.25398,18.888908,104.312744,114.62932,137.34761,0.515,0.141,0.018,582,1340
92.15352,19.776377,105.17914,116.43114,141.37274,0.531,0.138,0.016,583,1668
90.88476,18.53178,103.28722,115.53767,135.02707,0.506,0.127,0.013,584,245
91.37686,18.385784,103.87626,115.45083,133.14722,0.514,0.112,0.012,585,1934
87.31398,17.587097,99.0844,110.777534,129.59407,0.353,0.051,0.002,586,1652
93.1527,19.234398,106.02044,117.168945,139.22571,0.584,0.125,0.011,587,1655
90.41631,18.584639,103.07748,113.68078,131.57806,0.491,0.092,0.006,588,1383
92.06755,18.781412,105.06143,115.93787,137.61684,0.532,0.093,0.011,589,1514
91.68008,19.427208,104.59182,115.80559,137.03186,0.526,0.126,0.017,590,738
89.4337,18.61557,101.833664,113.24569,133.97578,0.433,0.077,0.005,591,1549
91.38053,18.759546,103.39407,115.66896,136.1522,0.506,0.111,0.013,592,710
90.27472,18.428219,102.951294,113.51162,131.35927,0.467,0.105,0.011,593,783
93.11454,18.839878,105.860146,117.18406,137.4317,0.575,0.156,0.023,594,798
90.27639,17.807686,102.877686,113.490616,132.92255,0.482,0.075,0.009,595,449
92.34809,18.342796,103.75802,116.09811,138.25381,0.565,0.09,0.01,596,266
93.27142,18.49163,105.63201,116.87699,138.688,0.569,0.121,0.012,597,667
86.809715,17.025925,97.47771,109.34576,128.21402,0.353,0.042,0.003,598,68
93.01934,19.235699,105.63934,117.993164,138.70476,0.594,0.125,0.011,599,1931
88.90998,17.527561,101.1049,111.358765,129.8179,0.411,0.06,0.006,600,1019
93.28353,19.682674,106.31543,118.1433,142.11404,0.566,0.145,0.025,601,1981
89.38587,17.289198,101.765045,111.32681,127.87737,0.432,0.064,0.004,602,320
90.041595,18.058855,101.60903,113.38377,131.06094,0.46,0.083,0.005,603,886
89.05491,17.772743,100.92744,111.575455,129.81404,0.432,0.068,0.01,604,526
90.67866,18.172035,103.107124,113.88146,133.95607,0.484,0.088,0.004,605,1974
88.25559,18.1521,100.46789,111.74788,131.0275,0.397,0.067,0.005,606,1084
92.0316,19.348173,105.287094,117.1658,134.70683,0.53,0.141,0.007,607,1125
91.67707,20.091015,105.2829,117.098236,139.0159,0.51,0.159,0.03,608,1396
93.61971,19.570715,106.62714,117.75232,141.10365,0.589,0.161,0.02,609,438
92.77645,18.15289,105.318954,115.58453,135.33896,0.574,0.107,0.011,610,691
91.18999,18.561146,104.20624,116.31175,133.30284,0.513,0.095,0.011,611,925
90.10566,18.298817,102.21327,113.93081,131.7783,0.454,0.055,0.002,612,220
90.75412,18.54767,103.62889,114.238235,133.64441,0.49,0.083,0.004,613,1897
92.500206,17.95634,104.138016,115.81461,136.04927,0.556,0.101,0.012,614,1369
90.724915,18.801731,104.21233,114.30143,135.44984,0.487,0.115,0.013,615,47
93.765594,18.585985,106.91199,116.60185,139.0549,0.599,0.156,0.02,616,679
93.3354,19.881357,106.90243,119.21315,139.4956,0.576,0.162,0.03,617,952
89.65964,17.226248,101.1203,111.9958,130.731,0.447,0.062,0.005,618,1452
91.20412,18.113775,102.90878,114.8568,133.28482,0.513,0.085,0.011,619,251
91.06388,18.008526,103.08678,113.8222,132.7419,0.506,0.092,0.009,620,1525
90.17036,17.79694,100.82735,113.41517,133.81462,0.458,0.073,0.002,621,626
94.4819,18.672611,107.45434,119.327034,140.35684,0.629,0.15,0.024,622,67
91.83242,18.269648,104.93114,115.22267,135.05528,0.541,0.106,0.005,623,1444
93.440575,18.281782,105.607346,116.40623,134.63528,0.619,0.113,0.006,624,1168
92.9428,18.046219,104.605804,117.60551,136.25053,0.567,0.126,0.008,625,1146
87.95564,17.908125,100.792046,110.905365,129.37958,0.383,0.059,0.001,626,119
91.41686,18.54673,104.34212,115.91396,131.08495,0.529,0.096,0.006,627,372
88.600174,17.67635,100.33914,111.51212,129.60036,0.387,0.045,0.003,628,1519
92.33453,19.277891,105.636765,116.43946,137.82161,0.55,0.144,0.014,629,547
94.76838,18.940971,106.72404,119.39522,139.02684,0.646,0.145,0.009,630,192
90.86388,17.683735,103.12462,113.42664,132.44963,0.472,0.076,0.005,631,1688
91.97869,18.986908,105.04903,117.29067,136.93164,0.539,0.138,0.016,632,1422
92.27524,18.466204,104.94104,116.226204,132.93254,0.54,0.115,0.011,633,287
91.81205,18.704672,103.61994,116.794014,137.37297,0.522,0.12,0.008,634,1932
91.301704,18.192762,103.86264,115.54618,132.90367,0.504,0.083,0.003,635,216
87.06927,17.342773,98.6976,109.10838,125.73662,0.355,0.048,0.006,636,88
89.60435,18.825043,102.778336,113.75498,134.40778,0.447,0.096,0.003,637,1312
89.10863,17.777187,100.80121,111.670364,129.91902,0.429,0.071,0.007,638,1104
92.230675,18.818705,104.99856,116.52317,135.13048,0.546,0.108,0.005,639,593
91.272804,18.538095,103.904396,115.5142,133.48094,0.51,0.081,0.011,640,1780
93.87595,18.596954,106.23581,117.15612,138.06856,0.598,0.149,0.016,641,757
90.39355,18.545177,103.306854,114.57184,133.94774,0.473,0.118,0.014,642,248
91.53733,18.263557,103.37168,115.23897,133.86774,0.506,0.085,0.009,643,384
89.76166,18.351954,102.22096,113.42011,132.37761,0.448,0.061,0.003,644,1495
91.98611,18.344543,104.91749,115.63603,132.6011,0.533,0.113,0.011,645,901
92.33865,18.428091,105.20032,116.08786,137.70892,0.561,0.1,0.009,646,1176
92.3985,18.157085,103.94899,116.70997,132.20285,0.558,0.092,0.008,647,1413
92.24025,18.831911,104.57287,116.6892,136.94727,0.541,0.117,0.011,648,476
94.21213,18.612978,107.01855,118.36765,139.357,0.629,0.161,0.018,649,745
92.19305,18.58696,104.75233,115.83158,135.70824,0.54,0.109,0.01,650,330
89.23087,18.817205,101.889275,113.911446,131.48676,0.414,0.074,0.006,651,364
86.90132,17.3493,99.33347,110.459114,126.55806,0.34,0.055,0.004,652,456
90.072,17.22347,102.706856,112.71611,126.79695,0.458,0.057,0.006,653,195
93.11449,18.751064,105.14285,117.28101,138.73674,0.573,0.165,0.018,654,154
90.495186,17.804016,103.101204,114.09022,130.33928,0.47,0.085,0.009,655,665
91.61739,18.376247,104.025,115.95475,136.01501,0.519,0.108,0.012,656,399
90.00528,17.93706,102.61391,112.85333,131.87788,0.439,0.098,0.008,657,515
94.17305,18.914742,106.629135,117.752815,138.30363,0.63,0.14,0.013,658,404
90.70969,18.667036,102.92561,116.24664,134.43544,0.478,0.092,0.009,659,615
91.674515,17.9501,103.59206,114.217865,134.84293,0.528,0.085,0.005,660,367
91.20751,19.384043,104.79631,116.92562,137.4673,0.508,0.115,0.014,661,1708
88.51573,17.570889,100.070694,111.60189,128.78404,0.403,0.053,0.001,662,3
92.872894,18.667349,105.27437,117.55088,138.98071,0.575,0.137,0.017,663,94
92.4975,19.053976,105.54094,116.75491,136.07274,0.55,0.14,0.013,664,906
91.18261,18.872543,103.60416,115.454216,135.67412,0.498,0.091,0.012,665,657
91.74141,18.97284,104.03583,115.50326,136.37505,0.515,0.099,0.007,666,717
88.38388,18.176819,101.18728,111.55722,130.75136,0.4,0.068,0.011,667,737
92.81346,19.588846,105.7953,117.17102,140.51129,0.564,0.141,0.017,668,1581
86.31035,16.786568,97.66823,108.51579,124.533875,0.326,0.024,0.0,669,142
91.99039,19.066534,104.21238,116.26386,137.46178,0.532,0.094,0.004,670,1230
90.5269,17.586416,101.9325,112.430405,135.08656,0.483,0.086,0.007,671,97
90.70885,17.87369,102.71251,114.46508,130.8677,0.498,0.057,0.007,672,1108
90.71254,18.688051,102.66728,115.94875,133.00883,0.501,0.081,0.004,673,1907
90.84512,17.581997,103.0813,114.068405,131.64255,0.483,0.092,0.006,674,1407
92.00339,18.791664,104.14574,115.87795,137.96964,0.528,0.132,0.018,675,481
91.37,18.501732,103.28322,114.90571,134.5629,0.52,0.08,0.006,676,78
89.88798,17.449492,102.808304,111.953384,133.29967,0.463,0.06,0.001,677,302
92.61331,18.331299,105.26704,115.98542,136.2689,0.557,0.097,0.015,678,450
92.95875,18.353285,105.47358,116.33033,138.34036,0.562,0.126,0.011,679,538
90.419586,18.580566,103.176834,114.42897,135.2461,0.479,0.118,0.013,680,891
91.01702,18.76987,104.58273,115.78688,133.9555,0.486,0.11,0.014,681,1760
89.92798,18.224514,102.63472,113.23722,133.80371,0.448,0.057,0.001,682,1047
92.179535,17.903086,104.78172,115.35245,136.6054,0.546,0.09,0.012,683,424
90.610565,18.487091,102.3877,114.02343,135.4841,0.48,0.083,0.014,684,441
90.38764,18.581087,103.1093,114.14684,131.50702,0.461,0.086,0.007,685,984
90.13985,18.561314,103.61832,113.275055,134.60324,0.461,0.076,0.002,686,972
90.34481,18.390472,102.620804,113.9966,131.88068,0.471,0.066,0.004,687,242
90.888115,19.169336,104.070724,114.79282,137.81128,0.496,0.104,0.005,688,1323
88.47369,17.571207,99.6937,112.48871,128.26537,0.401,0.062,0.002,689,827
93.663704,18.276432,105.88706,116.7284,136.29034,0.598,0.144,0.005,690,1002
90.661125,18.831978,103.697174,115.23292,134.36401,0.483,0.116,0.009,691,390
93.03749,19.698833,106.501816,118.23935,137.56914,0.562,0.161,0.022,692,1930
87.89495,17.106697,99.28732,110.30166,125.71539,0.387,0.058,0.004,693,1456
92.33506,18.250093,104.764015,115.683586,136.89307,0.563,0.102,0.01,694,506
88.88174,17.877546,100.757515,112.21967,129.1859,0.422,0.064,0.008,695,1038
92.141815,18.193401,104.50293,116.2673,134.41368,0.533,0.107,0.011,696,1630
92.53729,18.242245,104.32595,115.61408,135.72307,0.546,0.105,0.01,697,1063
93.524,20.128632,106.481674,119.01065,141.4156,0.564,0.197,0.036,698,148
93.19259,18.93558,105.35056,117.62916,136.84442,0.579,0.13,0.007,699,1679
93.04083,18.876135,105.72267,117.785225,137.0438,0.56,0.144,0.012,700,1908
91.77242,18.393944,104.851654,114.897736,136.9549,0.519,0.122,0.014,701,90
89.92487,17.603184,101.46843,113.58467,130.86105,0.454,0.072,0.009,702,914
91.34533,17.956951,102.382835,116.46685,134.12184,0.524,0.084,0.008,703,895
90.917816,18.866917,104.02813,115.05103,134.97794,0.511,0.118,0.018,704,1503
94.01207,18.839043,106.51928,118.05525,140.04349,0.617,0.131,0.01,705,1732
89.99381,18.350786,102.98655,112.32682,133.95674,0.477,0.083,0.012,706,138
89.83069,18.303885,102.63349,113.11432,131.28552,0.451,0.08,0.008,707,1996
91.98597,18.74025,105.021484,116.10862,134.79225,0.522,0.126,0.007,708,1391
91.88167,19.053495,105.23698,117.16755,136.42206,0.539,0.13,0.019,709,1547
93.470924,19.178875,105.946,117.942924,139.88411,0.586,0.126,0.007,710,767
89.67018,17.227314,101.06103,111.55405,129.08627,0.442,0.062,0.003,711,1253
92.54147,18.458662,106.02884,116.28669,136.67854,0.554,0.131,0.009,712,864
91.34089,20.171282,105.156525,116.07952,139.61458,0.506,0.153,0.031,713,1457
92.03749,19.326183,104.93654,118.13912,135.66452,0.539,0.123,0.011,714,1917
89.4482,18.730404,102.06853,113.138855,132.44034,0.433,0.088,0.01,715,1212
89.66749,19.68643,103.571915,113.7685,136.00327,0.447,0.115,0.023,716,429
91.55859,18.113373,104.473145,114.232635,132.06194,0.519,0.101,0.004,717,1507
94.80194,19.204409,107.337685,118.29342,141.06279,0.63,0.18,0.023,718,793
94.01144,18.553019,105.84143,118.52946,139.67897,0.617,0.154,0.014,719,817
90.650894,18.606953,103.93999,114.87338,133.89305,0.49,0.112,0.016,720,698
90.843544,17.72795,102.38036,113.69562,131.8428,0.487,0.066,0.004,721,784
93.110954,19.05533,105.316086,117.401215,138.61107,0.579,0.122,0.008,722,651
89.67559,18.306953,102.234055,112.80162,134.06255,0.468,0.081,0.007,723,219
95.43088,19.712132,108.9763,120.2092,142.68849,0.647,0.194,0.036,724,960
92.372314,18.49795,104.63054,116.6808,134.75781,0.549,0.125,0.014,725,789
95.26775,19.890232,108.726715,119.81396,146.68433,0.643,0.208,0.031,726,332
90.682846,18.71288,103.244514,114.833885,134.1193,0.497,0.111,0.005,727,666
92.21848,18.004566,104.35341,115.6159,137.26007,0.547,0.106,0.009,728,1054
94.67195,19.171707,107.85237,119.362656,140.47234,0.626,0.18,0.017,729,491
90.350174,19.115782,103.53527,115.03528,136.71777,0.469,0.096,0.01,730,1689
92.511246,18.551197,105.565475,116.65743,135.38141,0.566,0.109,0.011,731,411
90.552986,18.840322,102.998764,114.41762,135.54266,0.471,0.098,0.009,732,715
92.24675,18.81241,104.219666,117.17951,135.005,0.534,0.15,0.023,733,425
90.747314,18.857931,103.05704,115.333145,133.87286,0.491,0.092,0.008,734,1317
89.11837,17.91787,100.866394,112.839134,131.79733,0.425,0.056,0.003,735,1006
92.704605,18.23292,104.75168,115.71496,135.99597,0.565,0.106,0.01,736,1661
91.05177,19.417704,103.91513,115.82428,136.42493,0.503,0.107,0.012,737,1961
88.397354,17.648863,99.98972,111.19714,130.19855,0.369,0.043,0.001,738,1013
87.911736,18.2792,100.00028,111.79116,130.21649,0.398,0.069,0.012,739,1788
86.44376,17.040737,97.81289,108.46844,125.635506,0.338,0.035,0.002,740,1959
91.82298,18.443033,104.581436,116.300514,134.16324,0.532,0.125,0.007,741,831
91.55113,18.73292,104.07406,115.494385,134.31137,0.528,0.088,0.007,742,1594
92.23484,17.955202,104.62544,114.88349,132.63614,0.539,0.079,0.004,743,1057
90.37747,18.945953,103.26797,115.15058,136.10934,0.467,0.117,0.013,744,755
90.25874,18.687529,103.77789,113.33528,133.83961,0.452,0.103,0.01,745,1774
91.07839,18.995264,103.64719,115.20992,135.36928,0.503,0.098,0.005,746,931
91.24757,17.696934,102.78744,113.7659,131.50002,0.514,0.083,0.004,747,522
92.00761,19.101929,104.882355,117.025314,136.52797,0.536,0.126,0.015,748,435
91.2816,18.527178,104.070114,114.603355,135.19687,0.495,0.11,0.013,749,733
90.410324,18.389069,103.092445,114.36126,131.39113,0.476,0.094,0.009,750,982
89.365036,17.685001,101.47803,111.94739,132.07173,0.415,0.066,0.003,751,1410
92.00869,18.77966,104.56218,115.74178,137.02301,0.539,0.112,0.009,752,1021
91.77587,18.137506,103.94185,115.095215,133.02611,0.541,0.092,0.006,753,1197
91.00457,20.182808,103.9895,116.91774,135.57057,0.498,0.15,0.033,754,189
90.7038,19.150282,103.58779,115.85769,134.13866,0.496,0.127,0.01,755,126
92.01783,17.973322,104.845665,115.49218,136.13948,0.541,0.111,0.008,756,467
93.5208,20.790052,107.38992,119.41766,143.09258,0.581,0.204,0.055,757,374
89.41453,17.119083,101.50741,111.4723,129.57765,0.438,0.053,0.005,758,830
90.26096,18.333033,102.68063,115.05531,132.50212,0.479,0.069,0.004,759,685
89.6514,17.594263,102.01929,111.6229,130.5811,0.449,0.052,0.002,760,393
89.53626,17.70691,101.96474,113.09717,128.64276,0.427,0.053,0.002,761,84
90.22452,18.379528,102.67929,114.65082,130.42137,0.431,0.071,0.007,762,272
89.102234,18.510124,101.03487,113.385376,130.88458,0.444,0.099,0.007,763,800
93.7811,18.408852,106.122345,117.50572,139.04192,0.618,0.125,0.013,764,1137
90.51553,17.937788,102.08748,113.89795,133.19397,0.479,0.073,0.007,765,1786
91.846,17.69185,103.569534,114.1726,135.77113,0.51,0.094,0.009,766,1963
87.85297,17.397665,100.22519,110.68843,127.463356,0.385,0.037,0.003,767,616
88.578865,17.891207,100.28428,112.428345,129.1795,0.427,0.083,0.006,768,485
90.00672,18.193254,101.67167,113.854645,129.78078,0.456,0.08,0.006,769,1436
90.252625,18.48577,103.338745,114.10588,133.35416,0.473,0.082,0.006,770,1218
93.386444,18.764753,106.17639,116.80915,136.77667,0.579,0.149,0.021,771,1765
92.68011,19.573523,105.58148,116.8837,140.23752,0.554,0.146,0.017,772,237
88.66809,18.377361,100.89548,112.40536,133.4972,0.39,0.069,0.002,773,822
90.26315,18.483646,102.9034,114.03409,134.33296,0.483,0.076,0.007,774,1722
90.72382,18.440548,102.87319,115.01176,131.82524,0.476,0.077,0.005,775,1040
91.0183,18.93503,104.19482,115.56544,134.76445,0.49,0.104,0.011,776,942
89.08825,18.118374,101.099236,111.284386,133.07637,0.419,0.067,0.004,777,1691
90.05036,18.449007,102.73366,113.53299,133.69458,0.459,0.08,0.01,778,218
90.19134,19.036758,102.89099,114.854126,133.87366,0.472,0.095,0.011,779,732
90.75477,18.388384,103.27643,114.748535,133.5521,0.474,0.07,0.005,780,747
90.44335,17.923162,102.61072,112.92161,134.46378,0.479,0.071,0.006,781,1982
90.8753,19.299936,103.83931,115.741455,136.4193,0.504,0.11,0.016,782,1801
90.99271,18.94706,104.21359,115.92317,135.71896,0.493,0.117,0.016,783,1199
89.52008,17.43584,101.28615,111.37862,130.89311,0.431,0.059,0.004,784,1117
92.834366,18.667744,105.085,116.967804,138.77232,0.582,0.138,0.014,785,1349
89.25772,18.482454,101.57963,112.74176,131.79642,0.43,0.095,0.013,786,1255
92.807915,19.151398,105.62505,117.08597,138.5425,0.567,0.127,0.009,787,1131
91.86411,18.364182,103.94827,115.74814,135.6989,0.534,0.101,0.007,788,611
89.03677,17.703,100.45955,112.54357,131.21088,0.416,0.066,0.007,789,1201
88.25267,17.219833,99.712326,110.73751,126.039,0.398,0.041,0.005,790,244
87.055984,17.836895,99.04738,109.872765,127.620674,0.359,0.048,0.003,791,1798
92.501785,18.891575,105.18095,117.20459,135.73366,0.553,0.136,0.018,792,423
88.42327,17.194414,99.68866,110.71249,129.1392,0.382,0.039,0.004,793,27
87.84663,18.46123,99.91121,111.000534,130.40935,0.38,0.065,0.005,794,1433
90.60555,18.05235,102.71479,114.10915,131.25095,0.462,0.071,0.004,795,1497
90.42734,18.627737,103.31412,113.84918,132.91357,0.476,0.083,0.005,796,1322
92.83801,18.480326,105.22194,116.78009,136.41753,0.561,0.114,0.012,797,1221
92.170715,18.26491,104.11052,115.47732,133.42308,0.535,0.125,0.012,798,448
90.84597,19.105082,103.57521,115.90535,135.4693,0.498,0.122,0.02,799,238
87.9347,17.267477,100.060715,110.721535,125.2795,0.386,0.037,0.001,800,428
93.61659,19.078299,106.87654,117.956924,138.48296,0.596,0.153,0.023,801,1209
94.803955,18.79701,107.60225,118.74737,140.04637,0.643,0.179,0.02,802,1061
89.760025,17.717815,101.52196,112.0128,130.56226,0.45,0.047,0.003,803,519
91.35718,17.81219,103.39035,114.79296,133.8975,0.506,0.09,0.009,804,143
92.36403,19.553112,105.96463,117.14378,138.53603,0.546,0.142,0.021,805,229
89.426315,17.975288,101.50191,112.65613,132.07939,0.424,0.064,0.005,806,1055
88.68024,17.145004,100.25783,111.34761,127.936905,0.4,0.044,0.002,807,337
90.77445,18.330618,102.72262,114.27183,133.11333,0.483,0.115,0.017,808,1135
89.41545,18.16968,101.46716,113.813354,130.38246,0.437,0.082,0.005,809,1885
90.05592,17.83981,102.50568,112.82089,133.2257,0.458,0.061,0.003,810,1893
90.11972,18.24448,102.35431,114.03448,132.59488,0.482,0.093,0.008,811,681
89.78595,17.997585,101.74707,113.408295,132.27972,0.447,0.082,0.005,812,521
90.240585,17.671558,102.84312,113.68416,129.6628,0.454,0.067,0.005,813,483
89.44858,18.425537,102.24458,112.91287,130.25397,0.452,0.082,0.006,814,964
88.28091,19.061478,101.49358,113.42326,134.17003,0.394,0.062,0.008,815,1737
93.32514,18.773235,106.43587,117.42681,135.73154,0.577,0.144,0.023,816,1283
89.20957,17.92301,101.83703,112.41592,130.6855,0.436,0.077,0.008,817,1412
93.00513,18.746943,106.15697,116.61722,137.16078,0.575,0.128,0.016,818,1118
88.74966,17.456615,100.06878,112.00988,130.68323,0.422,0.059,0.006,819,1488
91.69236,18.351873,104.231674,115.08864,137.88176,0.513,0.096,0.007,820,250
91.374596,18.457996,104.01845,115.819855,135.4267,0.514,0.085,0.008,821,408
88.28444,18.205135,100.86244,111.23425,130.43195,0.407,0.069,0.008,822,953
90.66258,18.491194,102.72478,113.95935,134.5507,0.477,0.078,0.001,823,941
92.69831,20.550426,106.2901,118.39081,143.21896,0.547,0.186,0.04,824,750
89.71113,17.587975,100.611755,112.744316,133.76747,0.448,0.055,0.003,825,1858
93.122314,18.244349,105.736496,116.39867,135.88808,0.578,0.108,0.014,826,63
88.270874,17.356525,100.16148,111.9567,126.32248,0.394,0.043,0.0,827,240
91.14177,17.568504,103.0988,113.35821,131.98576,0.494,0.066,0.003,828,286
93.00522,17.918093,104.81421,116.7649,135.49129,0.586,0.115,0.011,829,939
92.48974,19.047926,105.58689,117.051315,135.5965,0.561,0.104,0.003,830,1333
89.27178,17.794926,100.84468,112.61658,129.2036,0.44,0.053,0.003,831,843
94.99873,18.729494,107.645615,119.33923,139.8186,0.65,0.154,0.013,832,1664
88.38238,17.673908,100.61266,111.709366,127.82286,0.396,0.063,0.006,833,1476
93.66042,19.336325,106.53582,120.03809,137.92188,0.611,0.145,0.024,834,1408
93.51825,18.802046,106.80571,117.94548,138.1015,0.606,0.131,0.008,835,1389
94.10961,19.5905,106.94044,119.103226,140.2093,0.603,0.176,0.023,836,640
92.66614,18.663563,104.51747,116.8317,137.09615,0.566,0.108,0.007,837,1727
91.83901,17.882511,104.37529,114.70828,130.78749,0.541,0.089,0.003,838,313
88.383736,18.026318,100.25513,112.23394,129.37862,0.375,0.055,0.007,839,74
88.55342,18.058285,100.130295,112.642715,131.46669,0.399,0.059,0.004,840,1505
91.0707,17.816061,102.787155,114.02035,132.35655,0.499,0.075,0.002,841,1915
92.44537,17.975077,104.359634,115.718544,135.16835,0.554,0.093,0.007,842,1969
91.52512,18.401081,104.29732,115.00964,133.1393,0.516,0.109,0.008,843,1542
89.93656,18.685802,102.79762,113.837234,132.51154,0.466,0.083,0.005,844,876
88.77436,18.784334,101.23871,113.59776,131.65257,0.415,0.084,0.008,845,672
91.9679,17.716444,104.17905,115.28147,132.89032,0.545,0.081,0.004,846,180
89.731064,19.829021,102.92011,115.977936,136.87024,0.475,0.15,0.026,847,1949
92.73961,19.039942,105.18146,117.36138,138.37051,0.558,0.133,0.01,848,44
89.729324,18.48106,102.03742,113.31266,132.75507,0.448,0.095,0.007,849,1958
93.82683,18.439987,106.56308,116.65536,137.90475,0.61,0.146,0.02,850,1356
91.77503,17.812057,104.33583,114.23107,132.40468,0.525,0.105,0.006,851,624
92.011894,18.855888,104.82521,116.51846,132.71756,0.537,0.112,0.018,852,1441
92.4682,18.880363,105.21312,117.81148,133.9094,0.551,0.144,0.028,853,1103
90.23361,18.013361,102.8781,113.13898,130.58278,0.468,0.078,0.003,854,334
89.97823,17.740671,101.69052,112.64061,130.13841,0.459,0.062,0.003,855,585
89.06228,17.648607,100.815155,112.34955,129.33795,0.414,0.041,0.002,856,1032
91.3429,18.533468,104.63598,114.607315,132.78209,0.483,0.109,0.009,857,336
90.19087,18.51382,103.054726,115.01167,131.99663,0.461,0.085,0.007,858,1745
94.49943,19.075459,106.665215,119.457504,138.12415,0.632,0.15,0.021,859,734
92.03205,19.729876,105.17123,118.14979,137.37474,0.558,0.137,0.021,860,553
89.92478,18.374819,102.3512,113.9801,131.67426,0.455,0.059,0.004,861,883
89.97819,18.61092,102.97078,113.59556,134.32863,0.468,0.094,0.006,862,323
92.18497,18.411701,103.91707,116.008995,135.75426,0.536,0.101,0.013,863,540
91.08891,17.660723,102.64725,113.60778,131.80263,0.485,0.076,0.009,864,98
92.37353,18.087091,103.9741,115.89873,137.19351,0.546,0.107,0.009,865,137
93.185295,18.370005,105.46318,116.41721,137.28079,0.568,0.13,0.007,866,1205
89.40072,18.226965,101.92697,114.151825,130.87831,0.436,0.078,0.003,867,705
88.3838,18.574741,101.3881,112.604485,129.31433,0.395,0.07,0.005,868,1844
92.332375,20.989975,106.35445,119.535194,142.04193,0.52,0.189,0.046,869,451
91.987625,18.099108,104.00984,115.46742,136.89659,0.537,0.084,0.004,870,1545
89.16237,17.978733,100.98449,113.19225,132.24762,0.416,0.043,0.001,871,233
87.737854,17.801895,99.5608,110.640724,128.28358,0.388,0.063,0.01,872,1569
89.898796,17.297739,101.28583,112.38783,128.9434,0.465,0.062,0.003,873,494
93.673744,19.48727,106.74848,117.3086,143.44432,0.589,0.155,0.018,874,1842
89.55884,18.600328,101.974785,113.74623,135.11322,0.446,0.057,0.004,875,165
89.77108,18.182688,101.0851,114.150536,132.3327,0.44,0.079,0.009,876,455
92.989784,19.541212,105.83795,118.51671,138.7256,0.568,0.152,0.014,877,311
92.07911,18.26665,103.8674,115.56162,137.2165,0.546,0.099,0.009,878,62
91.66197,18.796074,104.20108,116.28497,134.79439,0.52,0.116,0.009,879,1044
92.8476,19.095743,105.56258,116.64345,139.85025,0.567,0.13,0.003,880,1213
87.176285,17.34522,98.81773,110.087654,127.75669,0.333,0.041,0.002,881,271
90.77069,18.001352,102.2599,114.29534,134.9925,0.473,0.083,0.011,882,888
94.21013,19.023205,106.676834,118.2216,139.82349,0.629,0.158,0.025,883,288
88.98661,17.360455,101.09462,111.06258,131.20033,0.422,0.06,0.004,884,211
90.58465,19.440733,103.3384,115.58277,136.3348,0.481,0.109,0.012,885,1927
90.02553,17.91855,101.79291,113.05426,131.38281,0.471,0.078,0.003,886,1026
91.54951,18.327625,104.343094,114.84919,134.91882,0.517,0.097,0.007,887,1305
91.17178,18.335146,103.53038,114.980835,134.37088,0.503,0.076,0.006,888,1577
90.718346,18.611532,103.31881,114.71055,134.38974,0.488,0.108,0.012,889,1290
91.05014,18.921938,103.90586,114.90264,135.92825,0.495,0.115,0.018,890,460
88.67231,18.294308,100.465645,112.04903,131.3354,0.414,0.076,0.007,891,241
92.84072,18.446352,105.17136,116.67199,133.80759,0.582,0.141,0.016,892,946
94.22298,18.946306,107.12205,118.37702,139.0165,0.626,0.14,0.013,893,520
92.78614,18.375658,105.87723,116.47132,135.80846,0.555,0.124,0.009,894,990
92.78619,18.51583,105.23179,117.189354,134.75821,0.578,0.099,0.006,895,1064
90.550934,17.669575,102.26628,112.716064,134.14388,0.474,0.077,0.003,896,569
90.83372,17.848454,102.57501,114.658195,131.76938,0.476,0.083,0.005,897,208
92.692566,19.243818,105.59793,116.54978,139.85135,0.562,0.106,0.01,898,426
89.88059,17.815006,101.35463,113.02875,132.51314,0.468,0.07,0.005,899,567
90.732475,19.138472,103.597946,115.89641,136.11653,0.489,0.119,0.014,900,661
90.26323,17.845863,103.04388,112.92922,133.87239,0.478,0.069,0.003,901,1587
90.40817,17.316376,102.31009,113.09643,128.3417,0.47,0.068,0.004,902,489
91.08069,18.641907,104.15274,116.04955,133.96834,0.514,0.093,0.011,903,1050
90.82905,18.198206,103.57994,113.75766,132.84512,0.479,0.091,0.01,904,416
93.49183,18.395338,106.38419,116.929886,136.0251,0.594,0.123,0.013,905,329
91.518524,17.903648,103.98901,114.91438,131.93616,0.515,0.096,0.009,906,1039
88.73039,18.003767,100.73673,112.4361,132.20372,0.405,0.051,0.003,907,1529
91.083954,19.31755,103.75961,114.35026,137.6277,0.5,0.114,0.008,908,96
89.22304,17.651106,101.36291,111.604126,131.48688,0.443,0.052,0.001,909,1269
90.853806,18.697895,103.88878,115.564125,131.59303,0.486,0.099,0.007,910,880
89.945,17.963427,102.561035,112.67366,132.54788,0.451,0.058,0.009,911,1535
90.09125,18.345873,102.793564,113.58169,132.28976,0.458,0.092,0.006,912,709
91.88074,19.082045,104.61364,116.72553,135.80905,0.533,0.114,0.008,913,1161
90.2032,17.681252,102.52002,114.14325,129.47903,0.464,0.08,0.004,914,563
93.81466,18.624487,106.17749,118.31669,138.83064,0.608,0.145,0.023,915,128
91.53056,19.11182,104.124695,115.737045,136.76324,0.508,0.116,0.013,916,1074
91.33451,17.874584,103.43955,114.07316,133.6357,0.508,0.071,0.004,917,1847
89.27593,17.438725,101.08255,112.020386,130.483,0.425,0.06,0.003,918,1114
90.0908,17.854843,101.528824,112.60327,132.44122,0.473,0.069,0.003,919,1012
93.982605,19.672754,107.94748,118.7903,140.15944,0.607,0.186,0.032,920,75
90.08341,18.525234,102.57344,113.61944,134.5695,0.462,0.111,0.006,921,777
91.25459,18.98007,104.09425,115.965004,133.45274,0.489,0.107,0.011,922,381
88.94928,17.703661,101.07176,111.87087,127.24273,0.423,0.052,0.003,923,549
92.16133,19.225422,105.79442,116.26215,136.28847,0.54,0.137,0.012,924,1092
88.93094,18.271458,101.39659,112.73994,129.61537,0.411,0.088,0.006,925,530
88.91279,17.119272,100.079994,111.528206,129.3132,0.411,0.052,0.003,926,366
90.088,17.163908,101.20019,112.345856,129.28625,0.456,0.061,0.002,927,896
90.42742,18.290613,102.956795,113.746895,133.27274,0.479,0.106,0.01,928,726
91.88708,19.106321,104.71022,117.25988,134.56052,0.532,0.124,0.016,929,1277
89.80877,18.653381,101.87547,115.23624,135.56473,0.451,0.078,0.01,930,1685
92.28679,18.448225,104.4453,115.96922,137.63997,0.55,0.101,0.005,931,948
87.66156,17.7313,99.38427,110.8766,126.96786,0.359,0.056,0.006,932,488
92.62296,18.32197,104.88744,116.9536,136.78001,0.57,0.094,0.012,933,292
90.56978,17.965778,102.866066,112.53271,128.69211,0.489,0.065,0.002,934,297
88.06011,17.411276,99.5502,111.15464,131.49846,0.379,0.04,0.001,935,1316
92.998856,19.049643,105.76184,117.37629,137.71002,0.569,0.161,0.018,936,1837
91.8689,18.067196,104.22122,114.583534,132.98016,0.524,0.073,0.004,937,1191
91.17177,18.474634,102.98661,115.17214,135.18417,0.497,0.116,0.014,938,1686
89.98806,17.797453,101.87754,113.05583,130.57991,0.449,0.063,0.003,939,608
90.4283,18.794233,103.30627,114.81793,135.20139,0.486,0.105,0.01,940,1944
90.3617,17.982994,102.84306,112.30393,135.40823,0.465,0.092,0.004,941,1986
93.77781,19.186302,106.08798,118.72017,139.60901,0.613,0.133,0.013,942,979
91.36261,18.291931,103.74698,115.14192,136.77725,0.512,0.106,0.006,943,1337
90.85788,17.737715,103.59539,114.0694,131.94572,0.474,0.071,0.005,944,1808
90.523315,18.819756,102.87755,113.959656,134.87924,0.485,0.08,0.007,945,1308
88.787285,17.664995,100.78364,111.48262,129.94731,0.426,0.048,0.001,946,274
91.80478,18.155579,104.01034,115.85759,134.74867,0.513,0.106,0.009,947,256
90.254456,18.492725,102.24509,113.72589,132.81752,0.458,0.096,0.01,948,535
88.84026,17.879763,101.19176,111.39317,130.27115,0.41,0.053,0.002,949,1726
90.95475,18.207993,103.074745,114.80252,132.2788,0.494,0.08,0.009,950,178
91.657486,18.35797,104.28592,114.78378,136.26605,0.527,0.083,0.003,951,1636
90.092125,18.89921,102.63374,114.472626,135.20149,0.469,0.1,0.01,952,484
93.81942,19.663025,107.3964,118.99731,141.14769,0.594,0.186,0.031,953,527
88.07402,17.857765,99.742744,110.9571,130.65157,0.399,0.07,0.01,954,1528
85.40302,16.913897,96.88594,106.54492,126.10651,0.286,0.022,0.001,955,962
89.449776,17.924566,101.08187,112.64417,131.46016,0.436,0.066,0.004,956,625
90.791695,18.50631,102.70965,115.383545,134.21,0.489,0.097,0.005,957,1124
88.875404,17.173883,100.62098,110.890205,128.57237,0.42,0.065,0.005,958,1335
91.6725,18.88443,104.29168,116.292755,135.70293,0.52,0.117,0.008,959,687
90.88609,18.189833,102.96325,114.81806,133.64795,0.475,0.095,0.014,960,1163
90.5868,19.3011,103.39832,115.70443,134.6364,0.483,0.108,0.011,961,1556
92.6506,18.522524,105.01012,116.679855,139.76787,0.546,0.137,0.012,962,417
92.204575,18.469234,104.65308,116.073105,135.23686,0.55,0.096,0.006,963,1513
90.71244,19.362818,103.859344,115.76933,136.95087,0.479,0.094,0.007,964,1289
90.26455,18.722797,102.86454,114.52068,133.22368,0.475,0.119,0.017,965,1929
93.51214,19.32518,106.34967,119.078705,140.16345,0.578,0.159,0.026,966,922
91.991905,19.3031,104.77583,116.72738,136.88152,0.537,0.136,0.02,967,1130
89.743454,18.0587,101.79031,113.94297,129.27623,0.452,0.076,0.006,968,677
92.83473,19.721619,106.02092,118.40263,138.40388,0.559,0.146,0.015,969,930
90.101616,17.419899,101.94993,112.21533,131.61685,0.453,0.076,0.005,970,1772
91.68013,18.676794,104.301674,115.5606,135.89925,0.52,0.088,0.007,971,824
91.33834,18.08391,103.73903,114.60369,133.34076,0.499,0.09,0.005,972,1764
89.76319,18.376804,102.25192,113.48958,130.44307,0.454,0.087,0.005,973,1384
93.61183,18.122765,106.15408,116.9406,137.91574,0.585,0.139,0.014,974,69
93.510086,19.555946,107.71292,116.41754,139.63492,0.583,0.16,0.019,975,1034
92.65871,19.483774,105.72389,117.63773,136.77756,0.558,0.151,0.014,976,291
94.436,19.31154,107.637825,119.58454,141.24483,0.624,0.178,0.024,977,1548
91.090935,18.323685,103.688614,114.39393,134.69223,0.5,0.064,0.002,978,1239
89.815056,18.331623,101.72563,113.13948,132.17491,0.475,0.075,0.007,979,1158
89.92806,17.751383,102.00995,112.34587,131.8241,0.434,0.077,0.007,980,432
92.78745,18.066456,104.16991,117.39184,135.54205,0.577,0.092,0.01,981,285
90.71397,18.928532,103.44539,114.826225,134.27377,0.483,0.109,0.008,982,1062
92.1513,18.420887,104.46098,116.278015,135.90254,0.544,0.099,0.007,983,782
90.66381,17.406895,102.9446,113.80399,127.59507,0.48,0.079,0.004,984,258
87.43534,17.366735,99.54487,109.62253,126.19352,0.365,0.041,0.003,985,1465
95.10325,19.132627,107.86157,119.06257,139.73792,0.646,0.177,0.017,986,118
89.19769,18.255537,101.38223,112.76279,131.8186,0.426,0.07,0.005,987,471
88.46091,17.454227,99.72075,111.670265,129.08145,0.387,0.044,0.002,988,660
91.54662,18.864956,103.93935,115.53549,134.87756,0.502,0.109,0.013,989,236
89.76105,17.775726,101.70539,112.72506,132.83913,0.469,0.064,0.004,990,1622
88.61859,18.500244,101.84653,111.59792,132.28148,0.419,0.086,0.006,991,697
89.08128,18.105082,101.02396,112.29737,130.16756,0.451,0.074,0.007,992,1478
93.555725,18.383497,105.26111,116.874855,138.40675,0.6,0.121,0.009,993,638
94.931564,19.998774,108.33567,119.38649,145.2696,0.631,0.215,0.029,994,890
89.24197,17.321634,100.787994,111.26872,126.778404,0.432,0.049,0.003,995,114
92.02987,19.3505,104.82945,116.61166,139.14034,0.536,0.131,0.017,996,1189
87.75934,17.91714,99.72121,111.37259,126.84224,0.388,0.058,0.003,997,889
90.7338,19.640345,104.00918,116.27206,137.21405,0.48,0.114,0.016,998,692
89.258995,18.546574,101.53346,113.85351,130.9402,0.435,0.062,0.006,999,1977
90.885666,19.133232,103.99728,115.77544,134.04779,0.509,0.128,0.01,1000,431
91.82878,18.900267,104.983826,115.58658,135.8857,0.544,0.117,0.011,1001,775
89.446976,18.234358,101.77186,113.19773,131.08075,0.447,0.076,0.007,1002,479
90.43003,18.699238,102.758354,115.424164,132.78459,0.47,0.109,0.011,1003,863
90.68522,17.848536,102.57658,114.26489,130.13725,0.488,0.083,0.005,1004,300
93.20666,18.56274,105.65976,117.114555,135.63486,0.578,0.143,0.017,1005,310
94.31877,19.594707,108.5209,119.71416,140.95473,0.612,0.196,0.035,1006,743
93.97625,19.5928,107.140526,117.915596,142.7689,0.589,0.177,0.025,1007,473
89.34467,17.92774,100.9449,111.66621,133.03737,0.425,0.05,0.005,1008,52
92.35411,19.163897,105.62939,117.24989,139.31389,0.549,0.133,0.014,1009,1925
91.38137,17.713947,103.55724,114.71627,132.89122,0.504,0.078,0.004,1010,1776
91.72129,18.932602,104.476326,116.21632,134.77304,0.531,0.126,0.02,1011,1716
92.84913,18.335747,104.83292,116.35345,135.60995,0.568,0.11,0.006,1012,106
88.42245,18.045855,100.249,111.25479,130.9945,0.404,0.048,0.0,1013,983
90.50603,18.343489,102.81415,114.729454,132.53488,0.479,0.078,0.006,1014,201
89.85424,17.66291,100.954445,113.02871,130.21503,0.465,0.056,0.003,1015,1761
89.28659,17.493542,101.08838,111.276,132.64502,0.442,0.051,0.002,1016,1642
89.504295,18.42564,101.799904,113.56033,134.1882,0.438,0.084,0.01,1017,1297
93.04353,19.02133,105.59166,118.89534,136.34799,0.565,0.173,0.019,1018,418
92.37682,18.474535,105.015816,116.23404,136.8587,0.549,0.105,0.009,1019,1641
90.56724,19.130789,103.95716,115.84596,135.52332,0.485,0.105,0.013,1020,1388
92.68225,19.064537,104.85218,116.75793,137.46683,0.572,0.126,0.011,1021,152
90.38995,18.264149,102.87024,113.114624,133.97714,0.474,0.067,0.004,1022,1329
92.9762,20.15853,106.22851,120.30075,139.97911,0.552,0.171,0.03,1023,1298
90.282936,18.304464,102.418335,114.86076,133.07614,0.481,0.073,0.007,1024,958
90.9973,18.73279,104.27597,115.71889,134.8945,0.494,0.112,0.009,1025,1236
90.89004,18.624722,104.12947,114.883736,132.71013,0.491,0.119,0.015,1026,1241
89.565704,18.08175,101.11059,113.70894,129.96492,0.439,0.075,0.007,1027,1018
90.802345,18.246536,102.736336,114.57239,132.67699,0.487,0.08,0.004,1028,1551
88.251396,17.745525,100.60938,110.81028,128.65053,0.385,0.051,0.003,1029,1123
87.38232,16.956144,99.215164,110.312325,125.59413,0.354,0.025,0.003,1030,1819
92.38097,18.428558,105.350784,116.57924,135.01703,0.554,0.125,0.013,1031,1805
89.942986,18.730047,102.39122,114.27039,131.69148,0.453,0.078,0.013,1032,1109
90.58818,17.898489,102.29442,113.73035,134.528,0.49,0.076,0.007,1033,816
91.917076,18.527655,104.21083,116.02606,137.6664,0.531,0.088,0.005,1034,1567
93.53029,18.354975,105.54877,116.591484,140.35269,0.601,0.135,0.015,1035,1469
90.81114,18.294569,103.653824,114.892296,137.18459,0.498,0.093,0.011,1036,742
92.45329,17.819036,104.238495,116.45333,135.8432,0.565,0.095,0.002,1037,283
91.57006,18.16536,104.13679,114.524666,134.82426,0.528,0.095,0.008,1038,493
91.48955,17.924603,104.18814,113.784004,135.41148,0.506,0.078,0.004,1039,897
90.58277,18.422665,102.77046,113.48179,133.74995,0.469,0.116,0.012,1040,756
91.51878,18.782288,104.29906,115.97589,138.48969,0.519,0.096,0.005,1041,1248
92.24292,19.49211,105.70662,117.96447,136.78407,0.532,0.128,0.02,1042,395
92.50185,18.615917,105.29834,116.970695,134.92628,0.543,0.118,0.013,1043,704
87.09878,18.166084,99.638855,112.4489,129.23672,0.371,0.065,0.003,1044,728
86.22871,16.861168,96.83752,108.79174,125.43595,0.322,0.027,0.002,1045,1090
90.34608,18.688507,102.7753,114.25084,135.92276,0.485,0.092,0.008,1046,1200
90.43452,17.976357,102.24687,113.289375,131.18391,0.471,0.073,0.01,1047,1494
90.64246,17.83395,103.28789,114.194374,129.11278,0.462,0.079,0.007,1048,181
91.28114,18.168806,103.21304,114.10305,134.82654,0.51,0.096,0.009,1049,1767
93.84831,19.388624,106.02085,120.140434,140.73228,0.591,0.186,0.035,1050,1951
89.48872,17.98438,102.2617,112.80676,129.65453,0.443,0.054,0.005,1051,472
94.046936,18.465923,106.12091,116.43383,140.63855,0.618,0.149,0.014,1052,184
92.37416,18.639633,104.63184,116.37523,135.67044,0.553,0.104,0.012,1053,1140
91.54456,19.18246,104.757774,115.806114,135.26436,0.522,0.114,0.013,1054,1500
91.08483,18.244135,103.530365,114.45554,133.85107,0.495,0.102,0.008,1055,1268
90.38271,18.32457,102.68543,113.19226,135.57155,0.468,0.08,0.011,1056,724
90.96528,18.220995,103.20701,114.97933,132.38814,0.501,0.085,0.007,1057,1368
92.1035,17.787617,104.24633,115.36297,133.3381,0.534,0.086,0.006,1058,445
93.84627,19.457785,107.29598,117.59673,142.11629,0.594,0.162,0.02,1059,1075
92.49988,19.476818,105.45809,118.057434,135.27567,0.557,0.125,0.011,1060,1192
92.02772,18.687325,104.57834,115.94329,134.46693,0.548,0.105,0.01,1061,1001
92.82578,18.482811,105.35681,117.1785,135.8189,0.556,0.116,0.017,1062,1882
90.529655,18.663567,103.02312,114.77862,134.87057,0.474,0.099,0.008,1063,1650
89.61407,17.558254,101.272415,111.635765,128.19247,0.449,0.061,0.002,1064,1723
89.963875,17.714357,101.888725,112.10211,130.26625,0.471,0.064,0.005,1065,1470
89.78138,17.732107,101.9727,111.85971,130.82007,0.446,0.063,0.008,1066,400
92.730034,18.699677,105.13421,116.29789,137.06412,0.559,0.11,0.011,1067,257
90.25319,18.800112,102.862686,114.21347,133.3801,0.486,0.103,0.008,1068,505
93.84412,18.886002,106.32244,116.81192,140.4119,0.596,0.16,0.022,1069,1080
94.60547,18.486052,106.81515,118.21874,137.70145,0.645,0.157,0.016,1070,1220
88.48897,17.51192,100.09052,110.77036,126.862724,0.383,0.048,0.005,1071,1537
89.69112,18.094942,101.42783,113.65417,128.38007,0.444,0.079,0.004,1072,107
90.85519,19.075356,104.09164,116.2053,134.78217,0.487,0.113,0.014,1073,1023
92.60156,18.1121,105.077194,115.79349,134.0499,0.552,0.108,0.01,1074,592
93.14414,19.742125,106.80687,117.285416,140.55327,0.562,0.169,0.02,1075,1747
92.18434,19.017223,104.83417,117.128914,139.21724,0.534,0.148,0.019,1076,904
91.04473,17.541874,103.07036,113.08398,130.53969,0.496,0.06,0.001,1077,1926
85.281845,16.865292,96.16633,107.09072,123.75855,0.262,0.026,0.002,1078,359
91.39496,18.173885,103.876915,115.19517,133.99681,0.522,0.089,0.009,1079,1678
88.58971,18.097267,101.62665,112.7657,130.32536,0.415,0.07,0.004,1080,1466
88.72383,17.19554,99.711945,111.11813,129.20853,0.41,0.047,0.002,1081,707
89.60595,19.102736,102.63285,115.14105,133.46164,0.463,0.09,0.011,1082,606
91.82062,18.214968,103.483635,115.54598,136.32399,0.544,0.078,0.004,1083,1265
89.372955,17.597092,101.63064,111.61484,130.51416,0.437,0.078,0.002,1084,682
89.44041,17.755882,101.68973,112.43238,131.49707,0.443,0.064,0.004,1085,643
87.493675,17.345636,98.73392,110.23388,129.76022,0.372,0.051,0.001,1086,1534
91.76141,17.64223,103.68016,114.390335,131.19545,0.524,0.09,0.006,1087,1310
88.485245,17.545452,100.16072,110.83466,128.93974,0.405,0.049,0.002,1088,854
90.918945,18.473806,103.72234,113.658066,134.11862,0.481,0.118,0.014,1089,805
93.03666,19.035835,106.10483,116.70904,136.71939,0.552,0.155,0.018,1090,721
91.10485,18.56748,103.723976,114.83504,134.7621,0.498,0.11,0.013,1091,1552
94.6328,18.787537,107.47425,119.42567,139.81422,0.647,0.147,0.019,1092,222
93.60377,19.356802,107.775955,116.94704,140.1081,0.581,0.175,0.02,1093,1980
89.567856,18.670658,102.706375,114.154175,133.62788,0.447,0.102,0.017,1094,1431
87.63815,17.152931,98.77349,110.3916,126.3715,0.366,0.029,0.002,1095,206
91.58816,19.058273,104.817215,116.02993,137.45526,0.509,0.14,0.02,1096,780
89.507065,17.55374,100.99317,112.903534,127.73478,0.437,0.064,0.005,1097,735
86.79149,17.15245,98.13878,109.21853,126.09265,0.352,0.032,0.001,1098,902
90.455444,18.326578,102.681435,114.413345,132.72801,0.466,0.082,0.005,1099,1991
92.21256,18.78161,104.048256,117.98942,136.88458,0.535,0.151,0.015,1100,644
93.27545,19.626114,106.026,117.95409,139.41661,0.575,0.16,0.019,1101,1307
91.161934,18.41433,104.38211,113.36036,135.03667,0.482,0.076,0.004,1102,1056
92.12366,18.566124,104.792175,115.20949,136.15977,0.547,0.103,0.007,1103,1580
92.50455,18.405691,105.3063,115.976585,132.95648,0.557,0.127,0.013,1104,746
92.82383,18.617788,105.008286,116.48596,137.49855,0.556,0.133,0.02,1105,1905
90.54696,18.702457,103.33599,114.83539,132.63577,0.479,0.093,0.008,1106,72
93.27767,18.062952,104.76718,116.02621,135.98706,0.588,0.119,0.013,1107,1814
90.285515,18.489017,103.571785,115.047386,134.1713,0.473,0.095,0.006,1108,1763
91.21008,18.055637,103.22923,114.587456,133.28874,0.529,0.092,0.009,1109,1884
89.873,17.58551,100.82741,112.676506,129.77405,0.455,0.077,0.005,1110,622
91.67797,19.891773,105.02437,116.4295,138.79709,0.508,0.143,0.019,1111,893
90.400925,18.02118,103.11212,113.77586,132.03537,0.469,0.075,0.006,1112,1237
91.203156,18.79989,104.404434,115.01205,134.77393,0.5,0.132,0.007,1113,683
89.557205,18.304317,102.517,112.79418,131.61337,0.457,0.068,0.005,1114,290
91.349,18.752338,103.866234,114.2859,136.55669,0.505,0.109,0.01,1115,1852
90.231445,19.541864,103.76096,114.35566,135.34767,0.464,0.101,0.017,1116,516
92.19045,18.4554,104.83295,115.72553,135.23079,0.55,0.107,0.009,1117,826
91.29325,18.279325,103.61777,114.72537,136.66496,0.516,0.075,0.004,1118,486
91.71317,18.370525,103.88452,115.40648,133.44586,0.53,0.09,0.006,1119,1311
87.243744,17.869648,98.81279,110.70052,129.12704,0.347,0.049,0.001,1120,398
92.648575,19.089687,105.59022,116.79374,139.15198,0.567,0.123,0.015,1121,188
90.294945,18.603128,102.46363,114.88513,134.1824,0.464,0.098,0.008,1122,1041
91.8684,18.55668,104.835335,115.96666,134.61017,0.535,0.093,0.006,1123,1713
93.77978,18.759695,107.002525,117.70809,136.32143,0.612,0.145,0.012,1124,1157
91.0827,17.695972,102.47833,113.45022,131.04497,0.514,0.067,0.004,1125,1182
93.01843,18.94959,105.45818,117.37376,138.62592,0.588,0.136,0.007,1126,1177
90.31608,17.589237,102.19931,113.49307,131.4487,0.457,0.061,0.002,1127,1830
92.38778,19.229078,105.57416,116.87159,140.04964,0.527,0.144,0.024,1128,214
90.353065,18.121096,102.03649,114.82948,134.5685,0.467,0.087,0.009,1129,362
88.921745,18.432268,101.61272,112.04045,135.34189,0.415,0.068,0.005,1130,160
91.684265,19.468573,105.30594,116.268845,136.76257,0.507,0.137,0.021,1131,282
91.98891,18.5667,105.33002,116.63457,137.02696,0.539,0.119,0.009,1132,1710
90.559326,18.984035,103.44749,114.440895,133.66214,0.49,0.114,0.012,1133,1309
90.305954,17.795107,101.22471,113.75668,135.26134,0.453,0.063,0.004,1134,779
90.593155,18.384512,102.46716,113.737885,130.56133,0.491,0.095,0.011,1135,186
92.1695,18.32531,103.975525,115.83266,135.45749,0.566,0.092,0.008,1136,1591
89.00339,18.210983,101.291695,112.650764,130.52054,0.421,0.076,0.012,1137,406
90.887474,18.48433,103.503265,115.29418,131.97673,0.485,0.07,0.008,1138,1306
90.94673,18.399004,102.99797,115.08619,134.08276,0.496,0.091,0.009,1139,1134
93.12669,18.976782,105.55505,118.08248,138.69443,0.586,0.137,0.01,1140,370
91.18895,18.475422,103.19421,114.84002,132.48958,0.496,0.088,0.011,1141,1755
90.77259,18.205051,102.69559,113.48373,133.26337,0.488,0.091,0.011,1142,1517
90.26848,18.124062,102.31502,112.56898,133.17412,0.468,0.088,0.005,1143,1883
92.85555,19.483364,106.02956,117.33918,142.88583,0.561,0.167,0.033,1144,961
91.86198,17.944174,103.448814,114.58212,136.21893,0.549,0.089,0.003,1145,614
92.538185,19.153158,105.45462,118.09396,139.35335,0.565,0.111,0.016,1146,1637
90.782234,17.82478,102.195984,114.134445,132.54883,0.491,0.075,0.004,1147,1271
89.412704,17.734343,101.58025,112.06007,130.63914,0.435,0.051,0.005,1148,918
87.51245,17.282341,99.183975,109.574844,127.88512,0.357,0.045,0.004,1149,1095
89.46181,17.927128,100.93201,112.942024,132.29663,0.434,0.057,0.004,1150,1448
89.73148,17.190191,101.68307,112.15655,130.2177,0.449,0.05,0.004,1151,37
87.12995,18.072874,98.5866,111.88431,127.84999,0.342,0.051,0.001,1152,439
90.06766,17.238874,101.20337,112.50083,131.50044,0.462,0.068,0.001,1153,1632
92.17077,18.845911,104.97561,117.15978,139.75066,0.538,0.126,0.014,1154,781
89.75662,18.203074,101.78186,113.29878,133.44446,0.449,0.099,0.009,1155,51
90.74438,18.495289,104.05947,113.385185,133.73328,0.477,0.097,0.009,1156,394
91.2145,18.28251,103.78352,114.61817,134.49635,0.516,0.08,0.002,1157,1613
90.63869,18.391756,102.79336,114.454865,133.23906,0.474,0.076,0.006,1158,1208
94.09976,19.174406,107.225494,117.78806,142.35338,0.604,0.168,0.024,1159,1330
90.585526,18.869993,103.0426,114.741104,134.78835,0.485,0.107,0.015,1160,1376
88.89903,18.048841,100.57185,112.186165,131.4864,0.412,0.059,0.005,1161,550
89.87811,19.091497,102.66022,115.02844,134.60185,0.456,0.099,0.012,1162,774
92.35961,18.298344,104.95105,115.362946,137.42693,0.548,0.102,0.008,1163,156
87.114975,17.261194,97.79069,109.421936,125.264336,0.347,0.036,0.005,1164,1516
89.07709,17.618359,101.32648,111.18606,129.16335,0.435,0.058,0.004,1165,641
93.64222,18.983675,106.23094,118.75269,138.96535,0.6,0.137,0.012,1166,1646
90.05814,19.225962,103.00864,114.51568,136.22588,0.466,0.094,0.007,1167,1351
92.34594,18.957844,105.77057,116.22285,137.81519,0.547,0.125,0.014,1168,575
91.1404,18.680477,103.4393,116.58375,133.22118,0.489,0.122,0.021,1169,1292
91.02302,18.161566,103.01978,114.695366,132.35513,0.488,0.121,0.011,1170,1365
88.865685,18.289314,101.07738,111.88937,132.58067,0.412,0.075,0.004,1171,1993
90.87932,18.050737,102.952515,115.203545,132.3652,0.504,0.077,0.004,1172,1083
91.57346,19.04166,103.92258,116.2488,137.59337,0.503,0.119,0.009,1173,923
91.51847,19.13091,104.31052,116.01447,136.54364,0.521,0.134,0.026,1174,1120
92.76469,18.117533,105.20911,115.27107,136.11256,0.571,0.115,0.011,1175,1156
89.961174,18.667313,102.41723,113.24935,133.72723,0.443,0.081,0.009,1176,1861
92.9399,18.665747,105.3362,116.59895,140.44751,0.571,0.131,0.014,1177,1302
89.820564,17.660042,101.65667,112.04262,130.2214,0.426,0.054,0.003,1178,492
90.71019,18.228788,102.752304,114.29024,133.20673,0.476,0.09,0.007,1179,1674
92.94937,18.656971,105.48973,116.36166,138.04976,0.565,0.125,0.01,1180,1367
90.06566,18.376656,103.34253,113.57334,133.72995,0.46,0.091,0.01,1181,799
91.2266,17.850784,103.47008,114.23143,130.09492,0.503,0.089,0.007,1182,1304
92.50275,19.753588,105.38978,117.929,139.65372,0.55,0.167,0.029,1183,1621
92.02786,19.652876,104.73482,117.234985,138.47087,0.555,0.138,0.013,1184,462
91.33171,18.247791,103.59227,114.75807,133.00066,0.515,0.098,0.011,1185,498
89.406,18.992687,102.44021,113.50062,133.35477,0.448,0.082,0.01,1186,1233
88.95042,17.41364,100.50393,111.527824,130.9992,0.434,0.045,0.0,1187,162
91.3438,18.697823,103.74417,115.51956,134.37386,0.491,0.084,0.009,1188,1069
91.538284,18.961506,103.72714,116.54571,137.76646,0.528,0.112,0.016,1189,182
91.79889,18.485516,104.20213,117.160576,134.71222,0.536,0.097,0.004,1190,1730
91.29522,18.277317,104.7489,114.19246,134.04875,0.495,0.107,0.019,1191,1377
90.855125,18.330666,103.02217,116.808075,131.62221,0.5,0.087,0.008,1192,1558
93.48184,17.99818,106.37692,115.76193,137.4845,0.602,0.111,0.004,1193,1592
89.033966,17.388899,100.124,111.0639,130.19188,0.441,0.065,0.004,1194,1187
90.848434,18.152622,103.13321,115.25226,132.14516,0.491,0.078,0.008,1195,771
92.684265,18.199255,104.603905,115.775314,135.52296,0.573,0.103,0.008,1196,123
87.23239,16.848598,99.04124,109.23318,123.7678,0.355,0.037,0.0,1197,973
92.9588,18.455595,106.20126,117.191505,135.35738,0.572,0.123,0.009,1198,1467
89.92162,19.125788,101.84765,114.68869,134.11671,0.453,0.081,0.004,1199,1059
91.34719,17.747242,102.64776,114.154076,135.33,0.522,0.077,0.007,1200,1943
88.71855,17.58086,100.47463,112.19928,127.04538,0.405,0.055,0.002,1201,1256
91.26752,18.1034,102.849335,114.507225,132.06856,0.493,0.085,0.001,1202,1338
90.17886,17.784632,102.135185,112.77639,132.13925,0.469,0.078,0.009,1203,1864
89.428764,18.679735,102.09546,112.55101,134.97942,0.43,0.096,0.007,1204,1216
93.12394,18.117065,104.93889,116.7627,138.52652,0.582,0.128,0.017,1205,612
88.8499,18.27684,100.86433,112.35995,131.81161,0.421,0.067,0.007,1206,678
90.25939,18.289925,102.03829,114.762314,133.53682,0.456,0.083,0.007,1207,1110
92.01158,17.69385,104.11145,114.78586,135.28183,0.535,0.091,0.009,1208,620
88.60922,18.479115,101.49679,112.20168,131.9515,0.407,0.069,0.003,1209,1822
93.48323,19.736593,107.10246,118.996025,140.08199,0.592,0.174,0.035,1210,544
92.916016,18.48145,105.00693,116.830025,135.74544,0.575,0.119,0.016,1211,554
91.08489,19.030912,104.4923,114.6662,134.92494,0.497,0.13,0.014,1212,314
88.282425,18.461775,101.194305,112.033714,130.74547,0.411,0.078,0.011,1213,929
91.468605,18.0855,103.48699,115.62822,131.79288,0.509,0.102,0.01,1214,1296
90.63113,18.52943,103.34807,114.926445,133.30432,0.484,0.11,0.011,1215,1143
94.10611,19.12249,107.34549,117.987686,137.51068,0.622,0.171,0.03,1216,1878
90.96035,18.068083,102.59641,115.129295,135.44414,0.496,0.082,0.01,1217,309
93.31583,19.812126,106.42342,118.51438,141.24968,0.587,0.155,0.024,1218,1484
90.329994,18.369959,102.818405,113.585396,133.99312,0.477,0.089,0.011,1219,169
91.25301,18.276014,103.19801,115.25177,135.28896,0.507,0.087,0.008,1220,1860
92.536705,18.655178,104.583466,116.70623,139.71527,0.551,0.136,0.017,1221,1159
92.81653,19.318104,105.77298,117.4145,140.14601,0.562,0.127,0.014,1222,217
91.79895,18.984459,104.67639,115.574265,137.19823,0.516,0.134,0.019,1223,368
91.32362,17.82153,103.830505,114.192055,131.56978,0.517,0.082,0.005,1224,1538
89.92522,17.820847,102.20024,112.34422,132.58643,0.443,0.054,0.007,1225,811
87.71355,17.39271,99.57001,109.9628,128.55421,0.385,0.057,0.002,1226,414
87.39532,17.118359,98.8612,108.71586,125.609055,0.343,0.041,0.005,1227,966
88.336136,18.198795,100.738335,111.6517,131.3251,0.402,0.067,0.008,1228,1170
91.34508,19.251183,104.1804,116.93118,135.98901,0.5,0.126,0.02,1229,1180
92.499565,19.000801,105.08301,116.81904,138.05544,0.552,0.135,0.02,1230,1690
90.88275,17.961193,102.7236,114.520966,132.87221,0.486,0.092,0.001,1231,1807
91.436935,17.760433,103.72054,113.93246,133.39034,0.507,0.099,0.008,1232,766
86.94106,17.899775,99.68829,110.604965,127.993645,0.368,0.053,0.004,1233,1572
90.21683,18.182844,102.123825,113.690605,131.02916,0.474,0.088,0.016,1234,1473
90.39034,18.644773,102.65081,114.27173,134.2036,0.471,0.109,0.01,1235,1259
92.11712,17.970724,103.69126,115.02105,133.80377,0.554,0.103,0.007,1236,1928
92.5228,18.822758,106.188934,116.09124,136.59932,0.547,0.121,0.01,1237,1144
90.7329,18.226675,103.27053,113.47613,134.49976,0.471,0.081,0.008,1238,1651
91.88295,18.868044,104.77496,116.01072,137.28519,0.535,0.108,0.012,1239,1890
91.04727,18.580885,103.45696,115.154236,134.19012,0.5,0.092,0.005,1240,1731
89.87906,17.953289,101.862595,112.60362,129.95332,0.446,0.067,0.003,1241,586
88.03739,18.345493,100.35474,112.77328,131.31567,0.407,0.07,0.005,1242,844
90.87205,18.091707,102.510635,115.38485,132.3249,0.489,0.088,0.006,1243,1374
92.550064,18.817484,105.21684,117.463066,136.73973,0.568,0.134,0.01,1244,1489
91.32559,18.731823,103.80061,114.61754,132.81352,0.507,0.096,0.008,1245,809
94.935295,19.324268,107.702126,119.52505,145.59496,0.628,0.193,0.029,1246,1490
90.93134,18.015385,103.32311,114.253006,134.13316,0.494,0.07,0.002,1247,1536
92.79052,19.070652,105.30879,117.811264,136.81267,0.57,0.128,0.016,1248,1518
90.35445,19.20345,103.00583,115.7984,132.98366,0.47,0.1,0.014,1249,231
87.96159,17.876944,99.91562,111.41605,131.62627,0.383,0.05,0.003,1250,1557
89.4364,17.60899,101.71829,111.92277,127.85705,0.452,0.051,0.001,1251,459
92.090324,18.563608,104.86781,115.95875,135.76776,0.541,0.109,0.011,1252,1828
89.16812,18.536112,101.907196,112.77588,132.0703,0.438,0.077,0.01,1253,778
91.45411,18.153175,103.84797,114.261475,135.34195,0.512,0.076,0.01,1254,1025
90.35104,18.018341,102.91975,112.72967,133.33087,0.477,0.095,0.005,1255,1285
87.9859,17.6303,100.275185,109.996864,128.47473,0.375,0.033,0.003,1256,1390
87.585594,17.68223,99.26384,110.98642,127.77864,0.362,0.05,0.004,1257,1521
90.38453,18.335058,102.86808,113.93727,133.18694,0.462,0.075,0.007,1258,1009
88.98937,18.275503,101.662865,113.30701,130.82242,0.422,0.077,0.004,1259,754
89.04134,18.004679,100.98498,112.69753,130.95476,0.425,0.072,0.002,1260,1364
88.58557,18.480415,100.87812,113.00315,130.96402,0.409,0.065,0.001,1261,158
88.73673,18.580833,101.210556,113.311806,132.09407,0.425,0.085,0.006,1262,1633
88.21926,18.353819,99.5489,112.8613,131.54597,0.405,0.077,0.006,1263,1425
91.74081,18.501848,104.39572,115.533966,133.95557,0.52,0.11,0.012,1264,674
90.41361,18.327421,102.57105,113.78501,132.71716,0.467,0.066,0.005,1265,1186
89.68984,18.132544,101.417015,112.62009,131.87917,0.441,0.063,0.006,1266,562
90.67248,18.536669,103.25958,113.17781,134.074,0.497,0.072,0.006,1267,1250
92.03202,18.44275,104.52844,115.99534,134.79662,0.517,0.109,0.007,1268,1400
90.37843,18.558107,103.49802,113.6444,132.37326,0.468,0.09,0.009,1269,938
90.86788,17.742947,102.84157,113.83799,133.63722,0.49,0.075,0.005,1270,365
88.57503,18.363472,101.58998,112.26823,130.16844,0.419,0.06,0.005,1271,385
91.64112,18.20372,104.84863,115.46723,132.26866,0.523,0.104,0.006,1272,1945
90.434265,19.137375,102.42644,114.5804,136.65744,0.473,0.107,0.014,1273,121
92.07218,19.022299,105.69556,115.20463,137.91293,0.531,0.126,0.006,1274,1956
86.59949,19.211575,99.26028,112.81229,131.05472,0.392,0.081,0.007,1275,409
91.55,17.956573,104.05492,114.10617,134.75735,0.505,0.091,0.009,1276,1105
89.75709,18.589584,102.68623,113.85345,131.1306,0.436,0.112,0.011,1277,1631
92.98248,18.15443,105.47719,115.32448,138.52884,0.577,0.108,0.008,1278,1294
89.70878,18.207527,102.52545,113.0812,130.58519,0.462,0.077,0.004,1279,1430
92.52736,18.47692,104.662125,116.51314,138.2006,0.552,0.118,0.012,1280,1585
93.480484,19.154224,106.669876,119.267105,140.03525,0.578,0.183,0.028,1281,1729
91.516945,18.708105,103.93007,115.81765,135.23268,0.532,0.082,0.007,1282,634
89.08383,18.103266,101.54445,113.66841,130.46219,0.422,0.074,0.005,1283,2000
90.50739,18.736074,103.122444,115.28048,133.06517,0.471,0.093,0.013,1284,444
89.39723,18.301334,102.44014,113.39243,131.8368,0.439,0.072,0.008,1285,1318
90.851715,17.312841,102.562744,112.89009,130.55762,0.505,0.068,0.005,1286,596
89.26319,18.812971,102.00453,112.96268,132.49733,0.444,0.108,0.004,1287,1570
93.01889,18.663574,105.978615,117.506096,134.58055,0.578,0.1,0.008,1288,542
92.0472,18.83941,104.66571,116.338646,134.88657,0.532,0.115,0.015,1289,1790
90.60374,17.985575,102.726234,114.278275,130.14594,0.491,0.085,0.001,1290,1437
90.049576,19.131678,103.19689,114.51846,133.47281,0.459,0.096,0.006,1291,797
91.86479,18.314844,104.08308,114.49036,132.24992,0.529,0.087,0.004,1292,636
87.510445,18.49645,100.02793,110.33376,132.94553,0.369,0.069,0.005,1293,1826
92.686,19.049662,105.10346,118.086075,137.05092,0.559,0.136,0.019,1294,1543
90.43908,18.16973,102.49698,113.823586,133.26796,0.479,0.101,0.009,1295,1011
90.8956,18.756914,103.7086,115.69214,134.23657,0.486,0.104,0.01,1296,1616
91.37956,18.755835,103.86203,115.92774,134.21115,0.512,0.144,0.016,1297,847
90.0436,17.719894,101.576996,113.616554,129.97295,0.458,0.076,0.009,1298,509
88.51033,17.104189,100.20636,110.02436,126.92924,0.412,0.049,0.005,1299,434
90.24582,19.73126,104.29062,115.1478,138.01688,0.481,0.131,0.025,1300,1812
90.937584,17.695312,103.31114,113.32757,133.4306,0.505,0.091,0.01,1301,1232
90.39139,17.891804,101.462685,114.31698,132.31369,0.476,0.084,0.005,1302,1673
90.62911,18.271986,102.49081,115.13226,133.42113,0.489,0.083,0.005,1303,1653
92.779686,18.776972,105.06779,117.71364,134.89378,0.558,0.151,0.021,1304,1575
91.38296,18.344372,103.72308,114.58083,133.66373,0.51,0.105,0.005,1305,905
89.56465,18.663004,101.77498,113.47893,133.86293,0.443,0.08,0.006,1306,991
92.62302,18.906096,105.99333,116.577446,134.69145,0.542,0.134,0.015,1307,153
92.35082,18.50102,104.874756,116.13343,133.6966,0.537,0.129,0.018,1308,1475
91.53587,18.064117,102.92836,115.09567,133.91655,0.503,0.104,0.007,1309,949
90.69283,18.18424,103.45379,114.24291,133.76453,0.485,0.088,0.008,1310,1246
92.836044,19.362242,105.61411,117.47434,136.16876,0.565,0.129,0.015,1311,531
88.9134,18.253263,101.24843,112.244415,131.77512,0.403,0.069,0.006,1312,1397
92.53872,18.187632,104.5264,115.1829,136.51805,0.553,0.128,0.012,1313,465
91.71426,19.287292,104.25978,116.26348,136.99477,0.515,0.125,0.011,1314,1544
90.33945,19.372982,102.75229,116.11328,134.7194,0.485,0.123,0.023,1315,1994
90.86106,17.58836,102.73463,113.26438,135.63902,0.485,0.088,0.001,1316,1004
89.06101,17.99836,101.45886,111.68483,132.92503,0.413,0.045,0.001,1317,858
94.009315,18.063725,105.52243,116.96551,137.68633,0.626,0.126,0.013,1318,1879
90.051636,17.685257,102.2693,112.402405,132.2687,0.448,0.072,0.001,1319,1762
88.24269,17.797138,99.35509,112.9554,129.36082,0.393,0.077,0.006,1320,850
92.02344,18.394543,104.496475,115.32821,135.29607,0.545,0.106,0.005,1321,427
91.01282,18.694124,103.793945,114.6142,135.8946,0.502,0.108,0.009,1322,1634
89.12695,18.376429,101.941986,112.689,131.5649,0.425,0.078,0.009,1323,621
88.608765,18.078314,100.31966,112.2866,130.96994,0.4,0.062,0.004,1324,1357
92.314415,18.518173,104.626816,116.46564,137.93234,0.542,0.109,0.01,1325,1100
86.56716,17.27359,97.78855,108.70576,127.87328,0.325,0.022,0.0,1326,360
94.00992,19.423925,106.71276,118.5103,140.97073,0.594,0.158,0.016,1327,1990
91.511,17.985136,103.50412,115.314766,134.21391,0.512,0.1,0.008,1328,853
89.69802,18.46423,102.25752,112.8205,133.50964,0.457,0.103,0.006,1329,1266
91.84836,18.814102,104.30321,115.35812,138.65565,0.524,0.113,0.014,1330,1027
87.35356,17.271528,98.39592,110.07266,129.3867,0.362,0.051,0.004,1331,354
92.929184,17.870956,104.67095,116.146225,135.1744,0.571,0.11,0.009,1332,1804
88.899414,17.92312,100.41993,112.19911,130.44597,0.429,0.071,0.004,1333,1029
90.38439,18.266033,102.46874,112.8292,134.60568,0.483,0.09,0.005,1334,1483
92.26538,18.05757,104.55531,115.13596,132.46255,0.553,0.105,0.009,1335,1833
92.6925,18.872269,105.44722,117.10447,134.69217,0.569,0.097,0.005,1336,1522
91.84708,17.790005,103.874664,113.64249,133.31392,0.542,0.103,0.011,1337,1692
92.818,20.448177,106.25001,119.94197,139.26201,0.561,0.219,0.045,1338,1920
90.88383,19.202782,103.72567,115.43459,136.49496,0.491,0.122,0.018,1339,1733
90.98636,19.068441,103.373314,114.86167,137.34895,0.498,0.113,0.01,1340,1017
91.452095,19.268927,104.30478,115.20026,136.58653,0.511,0.124,0.009,1341,744
91.87747,19.369944,105.24902,116.56742,139.86113,0.524,0.139,0.026,1342,1107
90.16176,18.004927,102.83267,113.7992,131.09584,0.456,0.068,0.005,1343,1460
90.30806,18.74648,102.24218,114.827614,137.80069,0.465,0.1,0.01,1344,1680
91.380905,17.566572,103.205444,113.253876,131.67534,0.536,0.074,0.002,1345,578
90.4378,17.436388,101.67976,112.37524,131.71086,0.467,0.086,0.004,1346,140
90.900215,18.34517,103.54634,115.41934,131.26978,0.504,0.096,0.014,1347,1404
90.72972,18.61225,103.71457,114.50824,135.34468,0.481,0.128,0.012,1348,646
89.90202,18.166563,102.15897,113.94633,130.39044,0.44,0.085,0.005,1349,812
89.94877,18.451632,102.72917,113.62685,133.4793,0.458,0.088,0.013,1350,1955
88.86353,18.669811,102.40567,113.31207,132.43146,0.415,0.092,0.012,1351,1738
89.57614,18.642118,102.2425,113.60703,132.48293,0.445,0.082,0.01,1352,555
87.585144,17.24649,99.357056,110.27954,128.03488,0.372,0.031,0.004,1353,1226
89.36519,18.686035,101.56641,113.7167,131.98114,0.448,0.078,0.002,1354,1172
90.088875,18.608673,102.25342,113.68274,135.06223,0.467,0.096,0.006,1355,1568
90.37318,18.738558,102.358696,115.32431,132.72948,0.493,0.103,0.016,1356,1937
88.853874,17.880695,101.33281,111.68376,129.95961,0.409,0.062,0.004,1357,383
92.17292,18.017235,104.41412,116.114075,131.66513,0.54,0.106,0.011,1358,1403
86.6338,17.32125,98.05378,110.03485,128.59271,0.323,0.047,0.005,1359,1523
88.24396,18.232553,100.34565,111.79259,131.40417,0.396,0.065,0.009,1360,1382
88.99487,17.91883,100.38906,111.69971,131.28717,0.439,0.043,0.0,1361,1148
89.138176,17.835266,100.945984,111.59372,130.14426,0.416,0.056,0.004,1362,912
91.18589,17.651428,102.99466,114.346054,133.02336,0.49,0.074,0.005,1363,1015
91.19133,18.114563,102.96493,114.234474,133.46945,0.511,0.07,0.002,1364,1999
89.86247,17.636734,101.23014,112.86556,129.87259,0.436,0.085,0.004,1365,900
89.9116,18.036066,101.981674,114.24228,133.42589,0.465,0.078,0.005,1366,845
91.61969,18.083752,104.11078,114.55125,134.05623,0.519,0.092,0.006,1367,1588
92.85341,18.618546,105.447296,117.25213,136.2784,0.576,0.125,0.011,1368,760
92.98475,19.116821,105.19927,116.853584,143.28308,0.563,0.14,0.019,1369,1719
88.3506,17.988018,100.444046,111.756935,130.52614,0.395,0.045,0.003,1370,1288
89.41125,18.237698,101.96335,112.339935,132.20679,0.445,0.077,0.008,1371,1142
93.72362,19.811821,106.750175,119.09509,140.78804,0.593,0.188,0.027,1372,1718
89.5792,18.255709,101.30472,113.49467,133.1241,0.435,0.057,0.003,1373,1353
87.14589,17.111004,98.62936,109.455475,126.22224,0.348,0.047,0.004,1374,1508
90.093254,18.511412,102.7094,114.06981,133.5069,0.463,0.112,0.019,1375,1946
89.90284,19.048626,102.73245,114.41988,133.36394,0.453,0.082,0.006,1376,230
91.99747,18.303959,104.33958,115.03253,138.13861,0.518,0.114,0.007,1377,1336
91.36681,20.295319,105.39064,117.87223,140.18225,0.521,0.176,0.036,1378,1741
91.18076,18.763716,103.092674,115.35703,137.7332,0.51,0.085,0.002,1379,1784
92.704666,18.976778,105.24717,116.63683,137.02936,0.56,0.147,0.011,1380,249
91.17929,18.119354,104.21963,114.82512,132.55403,0.511,0.102,0.01,1381,632
90.437065,19.443308,102.7973,115.87265,136.46152,0.486,0.11,0.016,1382,920
92.2115,18.281036,104.81371,115.07,134.53635,0.555,0.086,0.012,1383,716
92.897865,18.557356,104.84335,117.47789,137.16765,0.569,0.114,0.011,1384,146
86.94307,16.728546,98.49036,108.70067,123.835106,0.347,0.033,0.002,1385,437
92.03936,18.03032,103.66142,115.09383,136.77078,0.533,0.112,0.008,1386,1853
91.526436,18.102325,103.246216,115.82197,134.21602,0.512,0.102,0.011,1387,1352
89.57705,19.198755,102.54292,114.03177,135.14195,0.459,0.086,0.009,1388,369
90.22279,18.345396,102.187515,114.48344,133.0583,0.468,0.113,0.013,1389,1445
91.19956,18.595757,103.57453,114.71115,135.77704,0.496,0.075,0.002,1390,852
87.230125,17.445982,98.784706,110.170845,128.19786,0.358,0.034,0.003,1391,1794
91.913925,19.300507,105.20853,116.5102,136.83037,0.522,0.116,0.01,1392,327
91.65473,17.956387,103.44853,114.96818,136.98346,0.533,0.096,0.01,1393,205
90.447685,17.76456,102.65062,113.47323,130.79503,0.467,0.086,0.007,1394,1058
93.06621,18.623125,105.32135,116.74289,136.31512,0.579,0.113,0.007,1395,1401
92.17135,18.373678,104.402954,115.960945,132.8076,0.556,0.091,0.005,1396,645
88.65319,18.319815,101.21926,112.90056,130.8472,0.409,0.059,0.003,1397,1270
91.910576,18.724867,104.176636,115.629974,136.99266,0.528,0.125,0.012,1398,1527
89.35061,18.345829,101.24945,112.1356,132.98242,0.444,0.075,0.005,1399,277
90.38536,17.751198,101.83388,113.23845,132.38159,0.492,0.068,0.003,1400,197
88.716545,17.737556,100.25009,111.5705,129.82759,0.401,0.052,0.005,1401,1173
91.131645,17.871136,102.809006,114.93612,132.56476,0.499,0.095,0.005,1402,54
90.84572,18.428246,103.38129,115.41156,132.60725,0.508,0.08,0.008,1403,1871
93.12035,19.16787,105.769646,118.17856,138.0948,0.581,0.129,0.009,1404,842
85.986176,16.953577,97.99591,108.59612,124.90716,0.309,0.035,0.0,1405,1771
91.22199,19.097784,104.189644,116.56245,135.98245,0.498,0.139,0.011,1406,1171
90.72652,18.680283,103.02005,114.39662,135.15425,0.485,0.12,0.016,1407,1604
88.960266,18.174168,101.68106,113.22745,129.73076,0.427,0.066,0.005,1408,468
91.78044,18.294264,103.89601,115.20847,135.54175,0.516,0.107,0.012,1409,191
88.33393,17.730133,100.76371,110.18657,131.89697,0.386,0.059,0.004,1410,877
93.49639,18.828762,106.24609,118.48756,135.23112,0.595,0.148,0.015,1411,1244
91.703186,18.037395,104.26556,114.48375,136.11111,0.515,0.109,0.009,1412,1303
92.14313,18.494093,104.77165,115.66718,137.00429,0.533,0.104,0.006,1413,1151
88.48372,18.238325,100.25008,111.88802,131.42433,0.396,0.052,0.003,1414,913
91.38319,18.664476,103.167206,115.11274,138.42552,0.509,0.101,0.011,1415,318
93.27697,18.145357,105.260704,117.57559,137.13359,0.589,0.115,0.008,1416,1921
87.5168,17.41618,99.50256,110.86436,128.35803,0.39,0.036,0.001,1417,992
87.75117,17.619791,99.01643,111.131424,131.26047,0.359,0.046,0.005,1418,813
88.12673,17.353853,99.68501,110.88932,128.06767,0.368,0.044,0.003,1419,1660
93.952385,19.11539,106.73915,118.10997,139.3668,0.616,0.169,0.024,1420,951
90.02028,18.999928,103.02974,114.573875,136.1887,0.464,0.106,0.014,1421,1919
87.90273,18.110895,100.68447,111.48658,131.04509,0.374,0.078,0.007,1422,1681
88.28671,18.484854,100.88594,112.26777,131.52026,0.403,0.073,0.008,1423,1320
91.49884,18.51424,103.73165,115.55923,133.00957,0.513,0.094,0.01,1424,1273
92.86896,18.583921,105.16359,116.404335,136.94711,0.585,0.106,0.01,1425,1647
93.37525,18.399475,105.670715,116.84991,138.15166,0.58,0.136,0.014,1426,401
91.90963,19.08133,104.35153,116.75678,137.93446,0.504,0.129,0.015,1427,1799
88.59707,17.171566,100.00668,111.77903,127.90616,0.412,0.069,0.004,1428,1783
89.20185,18.197517,101.86363,112.642746,132.94441,0.434,0.081,0.003,1429,1850
91.48675,18.149254,104.1909,114.23944,133.88448,0.517,0.1,0.01,1430,1293
90.21905,17.650723,102.41864,112.9786,131.6364,0.467,0.057,0.002,1431,872
89.513756,19.549915,101.87813,115.63508,135.29674,0.442,0.121,0.017,1432,1962
90.436424,18.218548,102.58084,113.70264,131.94066,0.466,0.086,0.008,1433,1372
91.078545,19.203083,103.82846,114.74148,137.59859,0.488,0.117,0.015,1434,908
91.462715,18.619478,103.81927,115.87745,135.44504,0.506,0.109,0.015,1435,648
90.52489,17.527206,102.458046,113.7331,132.91676,0.468,0.069,0.006,1436,315
92.53136,19.185171,105.75026,117.54226,137.52571,0.564,0.126,0.02,1437,1662
87.44518,17.61569,99.68143,110.47139,127.368515,0.358,0.04,0.001,1438,1987
90.44606,17.91818,101.97795,113.03195,131.11717,0.487,0.068,0.003,1439,980
91.177704,18.94228,103.5131,115.23114,135.0386,0.504,0.105,0.009,1440,1555
88.452065,17.768763,100.02259,110.73686,128.26904,0.393,0.047,0.002,1441,1576
86.188995,16.93768,97.615295,108.84074,125.06699,0.309,0.039,0.002,1442,1728
92.78461,18.87636,105.54402,117.54795,136.23552,0.55,0.137,0.023,1443,1967
89.40467,18.829388,102.5799,115.34814,132.40506,0.458,0.106,0.007,1444,1196
93.47689,18.8821,105.56051,117.35215,138.20555,0.594,0.135,0.009,1445,478
89.91394,17.910423,101.62367,113.1348,131.6904,0.461,0.075,0.005,1446,1204
91.34464,18.444996,104.447945,115.12533,133.6013,0.504,0.095,0.008,1447,1712
87.771385,17.146696,99.31316,109.704926,127.90429,0.366,0.054,0.005,1448,573
92.5309,19.127918,105.79977,117.16917,138.02025,0.54,0.145,0.02,1449,1724
88.39425,16.748753,100.257095,110.0937,126.46678,0.389,0.045,0.004,1450,1911
91.74739,18.860945,103.93338,116.33291,136.26212,0.521,0.144,0.014,1451,305
93.15217,19.221619,106.04543,118.70109,136.54268,0.566,0.166,0.019,1452,1263
93.22125,18.528818,105.144684,116.9567,139.59508,0.596,0.111,0.011,1453,807
93.81546,19.272285,107.21615,119.1253,136.98141,0.596,0.164,0.018,1454,1554
90.69278,18.959148,103.52196,114.41572,135.86679,0.472,0.114,0.01,1455,752
90.678406,19.000566,103.62341,115.24653,135.74893,0.497,0.097,0.008,1456,1254
92.159065,19.300596,105.069954,116.10519,139.34111,0.538,0.116,0.009,1457,1203
93.11258,18.493206,105.42047,117.71376,137.52933,0.577,0.123,0.015,1458,543
91.037964,18.1996,103.81577,114.17956,132.63495,0.501,0.081,0.005,1459,1821
86.77793,17.877735,99.34277,110.54398,127.418526,0.364,0.052,0.003,1460,718
94.354454,18.687098,106.82865,117.926865,138.78908,0.627,0.138,0.016,1461,1933
93.17378,18.26691,105.21677,117.12836,138.40878,0.582,0.135,0.015,1462,109
92.36866,18.783901,105.61784,115.90762,137.68668,0.557,0.124,0.008,1463,1113
89.93849,18.225838,102.33857,113.717636,134.45624,0.46,0.108,0.008,1464,560
89.57176,18.847319,102.53469,114.59043,133.95694,0.459,0.089,0.005,1465,155
89.41327,17.678827,101.608025,110.89212,133.33981,0.46,0.073,0.003,1466,124
89.04089,17.364506,100.91008,111.24673,125.81021,0.409,0.061,0.003,1467,859
91.94846,18.027021,103.96116,116.15701,134.16695,0.548,0.082,0.007,1468,1615
89.937706,18.537235,102.29484,113.95346,134.02019,0.467,0.075,0.006,1469,829
89.049324,18.026577,101.85149,112.79247,130.02951,0.422,0.091,0.007,1470,1355
93.36826,18.387688,106.17284,117.01158,138.23975,0.58,0.124,0.009,1471,1824
89.102684,18.74101,101.22686,114.719315,133.19144,0.437,0.093,0.014,1472,1496
88.899864,18.081423,100.65251,112.607765,130.89328,0.407,0.07,0.006,1473,1139
89.64928,18.57506,101.883865,112.83469,132.82805,0.461,0.077,0.008,1474,199
93.32995,18.724766,105.68003,116.96324,135.1581,0.598,0.122,0.015,1475,1210
88.94486,17.51475,100.58195,112.1784,130.25835,0.418,0.074,0.006,1476,1773
90.835144,18.18865,102.969505,113.67448,134.41133,0.491,0.08,0.005,1477,945
92.33394,18.689272,104.426956,117.42102,137.55978,0.537,0.118,0.019,1478,1434
90.19864,17.66644,102.05256,113.22279,131.24298,0.461,0.084,0.01,1479,907
90.74777,19.402132,103.58635,114.03497,137.75414,0.475,0.101,0.013,1480,356
89.3255,18.024326,101.04317,112.98256,129.64583,0.426,0.053,0.0,1481,57
90.0604,18.371796,102.825424,113.922424,132.67372,0.455,0.082,0.009,1482,1411
89.97604,18.644646,102.33229,113.35602,133.25024,0.46,0.106,0.012,1483,688
93.15806,20.474909,106.45042,120.2066,142.25858,0.572,0.193,0.041,1484,1267
88.892426,17.40035,99.72467,111.851555,129.74791,0.411,0.05,0.001,1485,296
89.285904,18.024961,101.95889,113.07341,128.71964,0.428,0.071,0.004,1486,658
90.83235,18.989796,103.803696,115.579315,135.23,0.493,0.119,0.015,1487,528
87.39016,19.451008,100.27396,112.31745,133.12311,0.386,0.089,0.007,1488,1531
90.2732,19.164347,103.63566,115.12709,133.11113,0.474,0.093,0.007,1489,722
89.78201,18.044495,101.54362,113.225,130.40776,0.448,0.058,0.004,1490,1286
89.94755,19.820099,103.30223,114.39464,136.56374,0.451,0.132,0.018,1491,1698
91.529945,19.329025,104.71875,116.75554,136.57222,0.513,0.137,0.019,1492,776
91.67141,18.218723,103.73768,115.0818,134.11394,0.538,0.093,0.009,1493,981
92.20621,18.609577,104.355705,115.18354,136.1219,0.545,0.124,0.013,1494,988
89.7853,18.276796,102.66046,113.49473,131.97702,0.45,0.103,0.011,1495,166
91.3467,18.119738,103.34053,115.506424,135.29668,0.513,0.096,0.011,1496,1207
89.93971,17.649975,101.4366,112.51596,131.38928,0.46,0.067,0.004,1497,1709
89.38906,17.703571,101.04311,112.46999,129.4549,0.446,0.054,0.004,1498,1582
91.71373,17.863333,103.758,114.62164,134.07747,0.533,0.091,0.008,1499,865
92.5185,18.581669,104.42983,117.50653,137.10439,0.547,0.119,0.014,1500,736
86.72807,17.011152,97.97825,108.45663,126.71858,0.356,0.036,0.002,1501,787
91.25198,19.013464,104.77772,115.14668,135.80623,0.506,0.133,0.021,1502,1215
92.24341,19.326109,105.51783,117.03065,137.76006,0.553,0.151,0.018,1503,613
91.54816,18.067633,103.07611,115.04489,135.12228,0.522,0.095,0.008,1504,150
92.12205,19.18431,104.9123,117.27702,137.72853,0.544,0.148,0.016,1505,1313
92.2798,18.025692,104.026436,116.02813,135.73978,0.537,0.101,0.01,1506,898
90.75198,18.483772,102.83597,114.47136,132.48064,0.472,0.09,0.006,1507,1715
87.89814,17.243563,99.37816,110.62804,127.81578,0.371,0.041,0.002,1508,380
91.01085,17.686096,102.60149,114.18072,130.61217,0.501,0.082,0.004,1509,1894
88.04756,18.129562,100.44794,112.20676,127.804344,0.38,0.054,0.003,1510,1856
89.4176,18.004776,101.59281,112.898766,128.55258,0.435,0.092,0.008,1511,1347
90.21079,18.845505,103.161125,114.0072,134.59242,0.449,0.08,0.009,1512,377
92.48318,18.18396,104.774925,115.9869,136.42682,0.552,0.094,0.008,1513,1033
90.680984,18.333775,102.80328,114.508675,131.23856,0.48,0.074,0.003,1514,1447
91.04879,18.850277,104.0678,115.70052,133.48468,0.504,0.124,0.009,1515,457
91.3532,18.881905,104.31549,116.24962,133.65,0.5,0.126,0.019,1516,1346
91.41122,18.7692,104.086334,116.20905,133.10478,0.507,0.122,0.019,1517,862
91.08616,19.699955,104.429756,117.38553,136.20181,0.493,0.115,0.016,1518,1359
88.82314,18.286589,101.10676,112.65645,130.85272,0.424,0.058,0.006,1519,846
91.36723,17.712196,103.904724,114.51735,133.0547,0.512,0.07,0.001,1520,675
89.11088,19.025414,102.626434,113.2604,132.67154,0.407,0.07,0.007,1521,1983
90.1182,18.043568,102.83537,113.143394,132.5642,0.459,0.071,0.004,1522,1432
86.523155,17.101543,97.70375,108.950264,127.31515,0.342,0.032,0.001,1523,1862
89.76524,19.696892,103.12753,115.87188,136.25703,0.477,0.146,0.021,1524,331
88.68136,17.849142,100.59877,111.99887,129.9674,0.411,0.063,0.005,1525,1251
89.72403,18.250317,102.392715,112.73681,132.3723,0.446,0.065,0.002,1526,1193
91.16321,18.917727,104.299706,115.618675,134.63676,0.495,0.104,0.011,1527,971
92.00249,18.55959,104.63237,115.869675,134.81279,0.541,0.103,0.009,1528,557
91.36904,19.05704,104.19267,116.157135,136.9401,0.503,0.117,0.011,1529,1115
89.04731,17.76258,100.631424,111.64462,131.86078,0.432,0.066,0.006,1530,1749
88.16873,17.689558,99.60428,110.702545,129.66241,0.388,0.026,0.001,1531,1579
89.5887,17.509829,101.05004,112.61173,129.21907,0.43,0.073,0.01,1532,911
89.58058,18.465048,102.03015,113.90149,133.92085,0.45,0.115,0.008,1533,1854
90.78686,18.32788,102.668564,114.82279,134.79396,0.49,0.095,0.009,1534,1953
90.61257,17.69149,102.512054,114.02911,133.10982,0.483,0.074,0.009,1535,589
90.92934,18.453619,103.05342,114.63121,133.99275,0.503,0.102,0.013,1536,1225
90.2317,18.900257,102.22869,114.17178,133.22745,0.477,0.105,0.018,1537,1324
87.59828,17.431818,98.89339,110.79461,126.94932,0.373,0.043,0.003,1538,1264
92.51939,19.483356,105.26973,117.6001,141.43141,0.562,0.163,0.029,1539,161
88.81158,17.420576,100.38037,111.08646,128.68954,0.387,0.047,0.002,1540,1683
90.82477,17.977787,102.76658,114.56879,135.116,0.481,0.079,0.009,1541,421
90.13938,17.898783,101.970474,112.72088,132.89258,0.455,0.06,0.002,1542,246
90.74651,17.820288,102.87817,113.801125,132.7887,0.509,0.07,0.006,1543,1703
90.07111,19.783524,103.06077,116.51782,134.96474,0.485,0.122,0.018,1544,1424
91.538216,18.579617,103.52399,115.50593,137.40309,0.521,0.111,0.006,1545,686
92.074326,18.419508,104.75741,115.53896,135.7737,0.55,0.101,0.007,1546,1154
89.242874,18.30814,101.365105,112.23955,134.50153,0.427,0.06,0.005,1547,748
91.95892,18.92213,104.6911,116.37583,136.42308,0.522,0.113,0.019,1548,936
91.33089,18.811928,103.92978,115.6505,137.76413,0.501,0.117,0.015,1549,1086
90.88389,18.203518,103.13249,114.79155,134.1829,0.493,0.082,0.003,1550,910
90.47817,19.312689,103.6161,115.223335,133.89249,0.487,0.111,0.013,1551,652
88.88544,17.801912,100.71323,112.03376,130.51804,0.415,0.043,0.0,1552,1162
89.88843,17.870623,102.21962,113.299774,132.07182,0.458,0.07,0.002,1553,841
91.29167,18.007467,103.84873,114.74817,132.17247,0.523,0.081,0.006,1554,1746
92.00647,18.541708,104.64132,115.938065,134.59787,0.525,0.1,0.009,1555,957
90.040955,18.423468,102.57445,114.38841,133.0991,0.476,0.099,0.007,1556,1739
91.036476,18.591154,103.022385,115.87927,133.3612,0.491,0.097,0.01,1557,1128
89.27367,18.32998,102.05063,113.183174,130.70561,0.415,0.083,0.007,1558,1867
88.47584,17.498058,100.42363,111.67961,129.0273,0.413,0.049,0.005,1559,1415
89.82908,18.129051,101.500175,113.38494,130.86343,0.45,0.079,0.007,1560,194
87.91851,16.899498,99.662155,109.735146,126.95237,0.382,0.041,0.003,1561,1744
86.02586,17.729012,97.969894,108.991295,126.130646,0.349,0.049,0.006,1562,1361
92.78625,19.018948,106.171165,116.92914,137.37912,0.56,0.131,0.018,1563,1676
91.43592,19.1494,104.7489,116.14704,137.03586,0.519,0.114,0.017,1564,1600
93.03098,18.437037,105.23704,117.24581,137.73178,0.584,0.12,0.014,1565,361
91.1705,18.154959,103.46487,114.66284,134.16965,0.516,0.083,0.004,1566,751
91.21766,18.215174,103.76044,115.22477,132.57083,0.505,0.097,0.007,1567,1498
92.65616,18.142414,105.3408,116.10237,134.95085,0.565,0.098,0.003,1568,430
90.77195,17.57947,102.43237,112.97205,132.9211,0.502,0.066,0.003,1569,887
89.27991,17.557405,101.821304,111.20742,128.77933,0.438,0.054,0.005,1570,480
90.0911,18.14978,102.505585,113.26019,133.19191,0.46,0.06,0.005,1571,594
93.84418,19.129677,107.17733,118.4227,141.3211,0.61,0.163,0.017,1572,289
85.823044,17.008139,96.7866,108.95016,124.19145,0.299,0.034,0.003,1573,335
90.50881,18.15236,102.70522,114.33874,132.84872,0.469,0.069,0.003,1574,1607
91.69109,18.372295,103.93713,116.53023,132.16164,0.533,0.09,0.006,1575,892
90.89565,19.0015,104.090935,115.42251,134.88834,0.491,0.11,0.017,1576,1825
92.3801,19.3601,104.89845,116.37198,138.57243,0.557,0.134,0.012,1577,1866
88.745445,17.971174,100.87993,112.10987,131.59344,0.418,0.058,0.003,1578,1229
90.59046,18.134565,103.11785,113.88975,133.84348,0.482,0.054,0.004,1579,1940
90.840996,18.759737,103.23607,115.79726,135.99532,0.486,0.103,0.014,1580,1243
90.24053,18.716665,102.57008,114.578476,131.80707,0.474,0.113,0.012,1581,1865
94.10923,19.369652,106.829994,118.77648,140.80812,0.609,0.159,0.023,1582,1362
91.38687,18.798872,104.36937,115.581085,137.77951,0.513,0.122,0.016,1583,708
91.090294,18.476967,103.32556,114.901596,132.94287,0.497,0.085,0.006,1584,1348
93.01628,19.497036,105.275925,117.55131,142.44807,0.571,0.153,0.015,1585,1419
89.850815,18.839643,102.77634,114.277176,134.83617,0.468,0.071,0.008,1586,1669
90.56914,18.048641,103.12111,114.205055,132.50687,0.492,0.092,0.009,1587,796
92.178154,18.539896,104.45822,116.16845,136.61195,0.542,0.125,0.012,1588,1912
85.818825,17.066704,97.012344,107.989624,124.58004,0.284,0.026,0.001,1589,1923
89.08906,18.584034,101.95053,113.536354,133.67548,0.429,0.085,0.01,1590,1480
89.7834,18.202143,102.235176,113.54421,133.35597,0.451,0.096,0.009,1591,1721
88.29046,17.322552,100.088234,111.512985,128.86218,0.417,0.048,0.003,1592,1515
92.334465,18.66857,104.79956,116.53841,135.59015,0.552,0.114,0.012,1593,1625
89.70385,17.313046,101.72674,112.36898,129.86992,0.427,0.065,0.003,1594,790
92.27778,18.90706,104.314926,117.11163,139.25383,0.528,0.131,0.013,1595,164
93.289825,19.200882,106.33517,117.79265,138.12358,0.576,0.143,0.021,1596,503
88.25814,18.523008,101.08512,112.14921,129.7299,0.397,0.075,0.01,1597,885
87.65955,17.595852,99.91785,110.23492,127.32342,0.365,0.044,0.002,1598,159
90.92664,18.024426,103.8972,113.78922,131.39523,0.486,0.075,0.003,1599,1088
91.05929,17.648138,103.32025,113.81507,130.399,0.491,0.071,0.011,1600,1048
92.9796,19.461061,106.161026,117.83697,139.98091,0.559,0.158,0.025,1601,552
87.59814,18.094934,99.97403,111.03573,130.06903,0.378,0.063,0.01,1602,477
89.707115,18.24223,101.65799,113.02387,132.34999,0.438,0.085,0.009,1603,1839
89.65184,17.726377,101.6358,112.87433,129.57217,0.454,0.051,0.002,1604,1278
90.99675,19.201376,103.493645,115.57513,139.4068,0.496,0.086,0.005,1605,1440
89.84078,17.317812,101.142166,112.76446,131.33887,0.446,0.056,0.004,1606,1344
88.98522,18.987816,101.86222,114.67999,130.96266,0.444,0.075,0.007,1607,1941
92.690475,18.17833,104.60448,116.59334,136.85059,0.551,0.107,0.01,1608,628
92.32808,19.315926,105.028854,116.72686,139.86719,0.533,0.146,0.026,1609,1003
88.8734,17.843428,101.19122,111.812416,129.02592,0.439,0.065,0.004,1610,213
91.82289,19.397512,104.45416,116.981995,138.57655,0.529,0.113,0.011,1611,1896
90.22446,18.826323,103.12481,114.47231,133.54143,0.456,0.091,0.011,1612,1704
88.386894,18.379465,100.94126,112.04739,130.91391,0.408,0.075,0.003,1613,604
89.98852,18.261564,102.179146,113.98264,131.99118,0.463,0.061,0.003,1614,1276
90.30251,18.346375,102.55075,113.568825,132.8904,0.469,0.07,0.008,1615,1423
88.777855,17.738588,100.14639,112.18261,129.98564,0.399,0.049,0.002,1616,1126
93.27137,19.454031,106.453476,117.501526,140.19722,0.57,0.169,0.026,1617,1235
92.70032,18.975616,105.456696,115.96659,139.46883,0.56,0.135,0.015,1618,607
94.26427,19.387108,106.64836,119.277084,138.97673,0.612,0.169,0.028,1619,1743
89.8867,17.84938,101.929436,112.199005,133.41882,0.465,0.067,0.001,1620,132
89.89384,18.488897,101.46662,115.10548,134.42061,0.461,0.076,0.002,1621,1188
91.853966,19.238043,104.27877,115.970795,138.22647,0.52,0.111,0.006,1622,1014
88.622894,18.37071,101.72215,112.88027,129.55247,0.402,0.071,0.005,1623,1979
90.32469,18.212507,102.9207,113.782326,131.22868,0.477,0.07,0.004,1624,1325
93.145676,18.001766,104.97914,116.32082,136.62054,0.582,0.102,0.004,1625,1262
88.4555,17.619127,100.03801,111.380806,129.50528,0.392,0.065,0.004,1626,1608
88.4119,17.924469,100.712906,112.10148,129.59389,0.396,0.045,0.001,1627,1261
92.68211,18.855656,105.79597,116.173836,137.78561,0.551,0.129,0.016,1628,342
91.41033,18.972727,104.089355,116.48089,135.83296,0.514,0.099,0.014,1629,1000
90.727715,17.914774,102.4832,113.86052,132.95207,0.484,0.08,0.008,1630,122
92.02525,18.377096,104.10846,115.30706,133.56046,0.548,0.082,0.009,1631,1976
89.926796,18.55163,102.34399,114.69564,133.01389,0.448,0.078,0.007,1632,1840
88.90364,18.74461,101.73867,113.24261,132.74231,0.432,0.074,0.007,1633,1614
91.182144,19.078436,104.00139,115.70724,137.48892,0.502,0.142,0.018,1634,378
90.88201,18.355412,102.9604,114.31539,134.65175,0.505,0.099,0.008,1635,1474
91.01917,18.652458,103.56092,114.69087,133.64113,0.506,0.116,0.009,1636,785
93.20513,18.524576,105.938,115.88658,138.40868,0.585,0.115,0.005,1637,764
94.36255,19.072407,107.03433,118.53646,140.95024,0.63,0.156,0.022,1638,1870
87.79916,17.833078,99.98795,110.95813,128.38705,0.379,0.064,0.003,1639,868
91.24145,19.119759,104.552475,115.798195,134.22328,0.51,0.128,0.017,1640,673
90.02401,18.423807,102.23326,113.87353,134.24696,0.459,0.061,0.003,1641,1561
91.385025,18.77761,104.42581,116.58405,136.89091,0.529,0.126,0.012,1642,703
92.722206,19.229292,105.71403,117.58589,136.5868,0.578,0.146,0.026,1643,490
90.38183,19.844343,104.15416,115.69527,139.87378,0.467,0.106,0.013,1644,1520
91.661285,18.271955,103.90581,115.702,133.47974,0.507,0.094,0.004,1645,1701
89.59389,18.40834,102.45842,113.491325,132.26804,0.437,0.106,0.011,1646,1398
87.44656,18.406523,99.63192,111.64476,129.98967,0.375,0.076,0.005,1647,1735
89.72206,17.3486,101.75339,112.09065,126.74625,0.443,0.054,0.003,1648,1260
91.316986,18.197008,103.62705,114.65065,134.03043,0.489,0.076,0.004,1649,1067
90.21228,18.259039,102.150444,114.829025,133.1654,0.451,0.068,0.001,1650,1817
92.1568,18.084105,103.78777,115.30224,136.46277,0.56,0.081,0.003,1651,1889
88.95242,17.519854,101.07686,111.24457,132.8545,0.431,0.06,0.005,1652,1395
88.846115,17.205965,100.596,111.95253,127.53674,0.411,0.056,0.006,1653,1960
90.76247,19.080492,104.153534,115.75119,136.46178,0.493,0.109,0.013,1654,839
93.16681,18.540209,105.64249,117.66336,136.52928,0.578,0.117,0.008,1655,1843
91.0507,18.830442,103.45013,116.56521,137.14761,0.496,0.12,0.016,1656,668
93.113846,18.524246,105.745834,117.757095,136.94801,0.599,0.128,0.012,1657,1214
90.93991,17.907194,104.03633,114.11902,129.9476,0.511,0.083,0.006,1658,619
90.835594,18.433512,102.91075,114.50334,132.27902,0.492,0.08,0.004,1659,228
90.056564,18.492971,102.97361,113.931854,135.62482,0.468,0.087,0.007,1660,1559
88.21584,19.051693,100.962234,113.753204,132.18398,0.42,0.083,0.01,1661,818
87.919754,18.28062,100.2648,110.81337,129.72452,0.378,0.059,0.005,1662,820
91.94362,18.017101,103.85573,115.40602,135.16003,0.533,0.094,0.009,1663,1734
93.69189,19.047277,106.557465,118.08955,136.62357,0.598,0.151,0.014,1664,955
93.969826,19.227955,106.611694,119.9572,139.43109,0.609,0.151,0.016,1665,1149
89.341484,17.606644,101.15457,112.25445,129.33958,0.426,0.061,0.002,1666,1875
91.25296,18.146255,103.34131,114.433105,136.48619,0.512,0.094,0.005,1667,1695
90.67993,17.533545,102.71103,112.91246,131.25641,0.482,0.067,0.005,1668,1510
88.89672,17.622604,100.82445,111.48132,129.91248,0.398,0.051,0.001,1669,1965
86.64653,16.877777,98.50586,108.31613,124.16038,0.345,0.044,0.001,1670,1280
88.12359,17.897186,99.86869,112.384735,127.39286,0.372,0.04,0.002,1671,855
91.10701,18.029003,103.68989,114.17389,132.87001,0.495,0.096,0.001,1672,761
92.34265,17.637896,104.58855,114.78088,133.4267,0.526,0.086,0.006,1673,940
92.85897,18.724321,106.3303,116.76558,136.55025,0.572,0.121,0.014,1674,804
88.30126,18.69911,101.975204,112.56408,131.39615,0.396,0.074,0.006,1675,1136
86.15721,17.436077,97.26073,109.78605,125.713615,0.305,0.032,0.004,1676,1287
91.773125,17.771889,103.85196,113.438446,133.95772,0.539,0.102,0.01,1677,1725
91.75233,17.911087,104.25755,114.70089,135.81766,0.518,0.085,0.003,1678,1078
90.69069,18.474186,102.779175,114.88352,132.63272,0.48,0.076,0.008,1679,1978
91.34778,17.811077,103.60765,113.516235,132.26901,0.503,0.095,0.003,1680,1371
92.61648,18.479412,105.40553,116.253365,137.45938,0.573,0.118,0.014,1681,1138
89.215904,18.370903,101.16829,113.49289,131.5358,0.415,0.077,0.007,1682,1553
88.53461,17.405779,99.27921,110.9828,130.2122,0.41,0.057,0.001,1683,1085
90.02761,18.200708,101.791046,114.28368,134.7494,0.48,0.1,0.011,1684,581
91.69154,18.77823,103.86446,116.35466,134.71155,0.517,0.103,0.009,1685,919
92.56691,19.070585,105.449524,116.64541,138.46529,0.554,0.122,0.018,1686,255
93.003845,18.671158,105.137955,116.833664,136.18883,0.565,0.158,0.024,1687,1813
90.704254,19.36613,103.81804,116.45319,135.6655,0.472,0.126,0.021,1688,1284
88.421265,18.448118,101.1438,113.24419,133.20103,0.401,0.079,0.005,1689,1334
91.22227,18.168398,102.8799,114.87005,135.4036,0.499,0.099,0.017,1690,974
89.75836,18.90512,102.727066,114.454384,132.66833,0.454,0.077,0.006,1691,280
92.85569,18.89194,105.80994,116.063065,138.26556,0.546,0.116,0.005,1692,823
87.921906,18.1156,99.60103,112.61073,129.95511,0.392,0.059,0.002,1693,763
88.44677,17.85475,99.76689,111.836494,130.61665,0.405,0.058,0.006,1694,795
92.65287,19.36451,105.71655,117.462296,138.53218,0.548,0.126,0.013,1695,1491
88.39224,17.967463,101.49821,110.9214,127.30049,0.416,0.073,0.007,1696,1601
91.57222,17.697247,103.449165,114.23751,131.82726,0.529,0.096,0.01,1697,1350
89.570496,18.040289,100.79638,113.94492,129.96614,0.427,0.086,0.009,1698,810
92.33537,20.130762,106.01471,118.083565,140.12848,0.538,0.149,0.025,1699,1751
90.19733,17.910263,101.81488,113.11037,130.84958,0.457,0.085,0.005,1700,656
91.41778,18.680286,103.968185,115.12504,136.98222,0.512,0.082,0.004,1701,1779
90.54025,17.540693,102.376755,113.680855,131.52188,0.468,0.075,0.005,1702,1081
89.73908,17.916523,101.23361,114.36781,131.0684,0.44,0.059,0.006,1703,482
87.33276,17.44229,98.85953,110.44186,127.90691,0.353,0.03,0.003,1704,1841
93.36388,18.964048,106.24153,118.157814,137.02686,0.593,0.136,0.011,1705,950
91.651146,19.439432,104.17405,116.146065,137.19196,0.51,0.11,0.007,1706,1066
92.080284,18.933294,105.279106,116.44969,136.04121,0.534,0.123,0.013,1707,502
89.54224,17.6356,101.319916,112.17578,131.80902,0.439,0.061,0.003,1708,1477
91.03523,18.055735,102.85596,114.91446,133.69786,0.497,0.087,0.012,1709,815
87.0228,17.291054,98.24776,109.40687,128.13829,0.351,0.034,0.001,1710,1818
89.074394,18.711054,101.85006,113.19348,132.1373,0.431,0.084,0.004,1711,1179
90.00945,18.250294,102.0653,113.79328,133.73358,0.45,0.062,0.001,1712,1152
88.71315,18.08649,102.00917,112.364395,128.71669,0.412,0.079,0.011,1713,740
89.06766,17.678741,101.063065,112.47448,131.76889,0.426,0.062,0.007,1714,1016
91.70141,18.925291,104.79625,116.656296,134.30501,0.524,0.129,0.004,1715,1684
93.44492,18.517979,106.57912,116.79213,138.51967,0.605,0.115,0.011,1716,739
90.11756,17.785849,102.59046,112.936615,132.48378,0.48,0.069,0.006,1717,539
89.95025,17.678312,101.98712,111.97138,132.50188,0.457,0.068,0.005,1718,1195
91.05712,19.149326,103.49925,116.28429,136.96013,0.506,0.116,0.014,1719,1272
90.18158,17.953382,101.73178,113.635155,131.23991,0.459,0.063,0.002,1720,993
91.70342,17.727234,103.093994,114.47234,135.41875,0.531,0.085,0.005,1721,163
93.10092,18.229603,106.37523,116.44934,134.02612,0.575,0.123,0.018,1722,1291
89.67565,18.237999,101.582535,114.5064,132.12961,0.445,0.082,0.004,1723,1363
89.665955,17.680178,101.23302,113.03419,130.55222,0.432,0.064,0.001,1724,856
90.8775,18.011442,102.600105,114.169464,134.66061,0.492,0.088,0.009,1725,1005
92.342636,18.614468,104.921425,116.63342,135.12943,0.552,0.112,0.013,1726,1857
90.184784,17.777082,102.18575,113.27458,132.15218,0.444,0.063,0.005,1727,1183
91.492,17.908434,103.38845,114.373695,132.93515,0.518,0.084,0.006,1728,396
91.206345,18.705164,104.22566,114.7243,133.37025,0.494,0.09,0.01,1729,1603
89.88828,18.959623,102.61342,115.08157,133.15161,0.442,0.086,0.01,1730,407
90.39074,19.869265,104.62694,115.84631,135.7815,0.481,0.159,0.027,1731,1471
88.91555,18.051138,100.88018,112.81361,132.65659,0.41,0.065,0.002,1732,1918
89.246956,18.140541,102.00369,113.30313,130.67947,0.429,0.076,0.007,1733,1648
88.624084,18.233614,101.28436,112.181244,130.83218,0.408,0.063,0.004,1734,1617
87.91635,17.25028,99.388794,110.723724,126.59357,0.385,0.037,0.001,1735,440
90.19348,18.715738,102.627945,113.84885,135.23372,0.465,0.087,0.007,1736,1299
89.77458,18.334223,101.4026,114.41257,132.59227,0.469,0.07,0.004,1737,1526
89.25227,18.531038,101.2484,114.935524,131.45882,0.434,0.089,0.006,1738,1699
88.71011,17.51778,100.782364,111.5911,128.71773,0.4,0.038,0.001,1739,1028
91.19026,18.034586,103.08246,115.36292,132.45444,0.479,0.098,0.01,1740,373
87.621925,17.38218,99.741356,110.705086,127.10226,0.372,0.036,0.001,1741,1358
88.109856,18.742884,100.804474,112.14584,131.02544,0.399,0.063,0.008,1742,1694
89.15256,18.034012,101.5172,112.59473,131.40428,0.435,0.051,0.0,1743,1242
92.194725,19.083017,105.04942,116.904045,135.00774,0.541,0.134,0.01,1744,1659
88.413734,18.693203,101.37059,112.92828,131.4631,0.416,0.07,0.004,1745,947
90.25201,17.876957,102.42215,112.9322,133.97343,0.474,0.07,0.007,1746,227
86.233,16.961046,98.14389,106.9771,128.84949,0.298,0.026,0.002,1747,639
89.24441,18.470121,101.46469,113.20453,131.59445,0.45,0.096,0.012,1748,260
88.08764,17.38058,99.44796,111.30047,129.21077,0.386,0.046,0.007,1749,1670
88.22101,17.07165,100.46098,109.21789,130.36818,0.377,0.047,0.004,1750,1366
93.06641,18.970356,105.334984,118.557045,139.01184,0.578,0.135,0.018,1751,1595
87.10901,17.663994,99.52848,109.85453,128.69626,0.344,0.041,0.0,1752,1402
91.86031,19.213772,105.24786,115.62542,139.57457,0.537,0.136,0.016,1753,1785
91.37141,18.131453,103.72768,114.805,133.6546,0.496,0.095,0.017,1754,601
89.246315,17.428566,100.99643,111.541756,128.7109,0.433,0.051,0.001,1755,605
89.27775,17.582598,100.600266,112.32818,129.81396,0.427,0.055,0.003,1756,1757
89.55967,17.717854,101.385376,112.64787,129.04553,0.443,0.053,0.003,1757,536
93.969765,18.93471,106.48546,117.57894,140.04343,0.607,0.154,0.01,1758,770
91.48872,18.717775,103.6035,115.210175,135.92566,0.511,0.095,0.009,1759,1111
90.31472,18.687227,103.70168,115.12738,134.2484,0.468,0.121,0.022,1760,1938
89.72516,18.34682,102.04176,113.24314,132.76097,0.425,0.075,0.003,1761,1906
91.615295,18.284475,104.01313,114.50574,133.8185,0.523,0.08,0.007,1762,1087
91.363235,18.473251,103.87854,115.185074,134.53903,0.497,0.109,0.01,1763,1995
91.10431,18.967546,104.138695,114.981735,135.43161,0.49,0.119,0.012,1764,1486
89.21263,17.387749,101.273926,111.685814,129.08533,0.43,0.053,0.001,1765,1409
92.02992,18.625776,105.140396,115.46836,134.10242,0.539,0.107,0.012,1766,1598
93.47047,18.531794,105.694336,118.226494,139.70837,0.594,0.109,0.008,1767,1663
93.813065,18.787706,106.1604,117.74133,138.85825,0.623,0.124,0.009,1768,1910
92.81981,18.56717,105.69214,116.040596,136.82834,0.572,0.114,0.01,1769,59
89.53602,17.888643,101.22738,112.56021,132.35533,0.445,0.061,0.004,1770,814
88.93955,19.877499,102.51601,114.20647,134.55261,0.451,0.134,0.02,1771,1532
90.07526,18.013199,101.87724,113.797646,131.9469,0.449,0.073,0.005,1772,1052
93.00193,18.49576,105.82472,117.62283,135.56949,0.582,0.111,0.015,1773,324
91.29959,19.005621,103.31643,117.32305,136.59201,0.521,0.115,0.01,1774,1482
90.33197,18.395687,102.02705,113.58386,134.30553,0.455,0.069,0.002,1775,298
86.994316,17.094913,98.38284,108.78877,126.617096,0.364,0.03,0.001,1776,926
87.548355,17.263346,98.887276,109.86359,127.32754,0.367,0.036,0.004,1777,629
90.342896,18.103226,103.087166,113.500404,130.33768,0.472,0.07,0.009,1778,587
92.01503,18.425615,104.441696,115.83228,136.1477,0.528,0.123,0.014,1779,1628
86.81186,16.933826,98.33351,108.502075,124.49723,0.351,0.045,0.001,1780,452
92.53789,18.412638,104.755806,116.054504,137.96927,0.566,0.116,0.013,1781,759
89.013084,18.62468,101.757095,113.60057,132.25426,0.424,0.08,0.008,1782,295
90.68722,17.887775,102.71416,112.97476,132.45215,0.481,0.087,0.008,1783,1605
89.44903,18.473375,102.553154,113.939064,129.82372,0.449,0.08,0.009,1784,168
92.173775,19.546377,105.007195,117.45976,135.45747,0.538,0.151,0.025,1785,269
88.02044,17.176876,99.66408,110.367615,127.5411,0.358,0.048,0.004,1786,1877
91.604195,18.34932,103.46982,115.38653,135.60779,0.529,0.09,0.013,1787,1997
86.32034,17.753275,98.043724,110.00348,127.938835,0.333,0.045,0.006,1788,1624
89.944046,17.795362,101.331505,113.81636,132.91873,0.462,0.056,0.006,1789,1845
93.193924,19.630835,106.38638,118.65433,139.32838,0.581,0.174,0.027,1790,226
89.13837,17.717674,100.98729,112.24684,128.84326,0.421,0.043,0.003,1791,1627
87.78514,17.83444,99.46069,110.8219,128.91884,0.404,0.059,0.006,1792,319
91.439705,18.214941,103.6134,115.51306,132.40047,0.534,0.079,0.005,1793,915
92.99097,19.161325,106.851906,118.2483,137.32533,0.555,0.18,0.027,1794,1499
91.5082,19.03744,104.47044,116.60695,137.33492,0.495,0.128,0.012,1795,420
87.657425,18.236277,100.19427,111.55066,128.55304,0.382,0.053,0.002,1796,1332
91.99776,18.71766,103.81385,117.55538,135.31122,0.533,0.12,0.013,1797,627
91.53453,17.777689,103.3716,115.51086,132.25513,0.518,0.084,0.009,1798,840
85.48467,16.805428,96.856735,107.73663,123.10887,0.278,0.029,0.002,1799,1321
91.5198,18.588144,104.41113,114.83771,135.36171,0.516,0.095,0.003,1800,1667
89.33601,17.047874,101.30983,111.327866,127.482254,0.425,0.068,0.005,1801,857
93.285545,18.515184,105.518036,117.20177,137.73221,0.593,0.104,0.011,1802,207
91.219826,18.282467,103.83945,114.23969,132.67738,0.528,0.087,0.008,1803,869
90.78961,18.56058,103.79269,114.466644,134.1755,0.493,0.078,0.004,1804,927
92.1146,18.782633,105.22439,115.7709,137.57507,0.539,0.125,0.014,1805,928
92.16403,17.9573,104.36621,114.33005,133.199,0.552,0.109,0.008,1806,969
91.7656,17.872372,103.44031,115.09032,134.69183,0.548,0.091,0.004,1807,357
93.21348,19.05095,105.35006,117.655556,139.32004,0.578,0.159,0.027,1808,1045
94.03083,18.387121,106.72757,117.49595,138.06978,0.624,0.134,0.014,1809,1834
94.51758,19.009132,106.870476,119.28731,139.43907,0.633,0.172,0.023,1810,1533
91.236,18.543892,104.15961,114.62399,132.87808,0.508,0.13,0.012,1811,1750
89.61608,17.652681,101.78905,112.41054,130.46317,0.447,0.07,0.005,1812,1082
90.15675,17.729961,101.74481,112.44785,133.82762,0.453,0.065,0.003,1813,832
89.20949,18.129658,102.04531,113.981766,127.73435,0.422,0.063,0.002,1814,1975
89.232155,17.461214,101.018295,112.16669,128.5778,0.43,0.063,0.005,1815,696
89.8427,17.747879,102.291756,112.469986,130.81725,0.445,0.077,0.005,1816,769
88.454216,17.68277,99.81087,111.16385,130.2445,0.397,0.058,0.003,1817,545
91.68956,17.717302,102.998085,114.881,134.17921,0.517,0.101,0.004,1818,1166
93.01073,18.712034,105.339195,116.22582,137.45718,0.573,0.103,0.005,1819,794
88.50409,17.901512,100.479294,110.80341,132.06218,0.399,0.046,0.0,1820,1121
91.68341,18.311817,104.77588,115.645996,133.2837,0.504,0.111,0.011,1821,1049
92.48364,18.662565,105.82715,116.62792,138.03973,0.566,0.113,0.008,1822,499
89.751625,18.308077,102.041336,114.59261,131.9794,0.456,0.093,0.011,1823,1832
89.60006,18.68288,102.088394,113.84729,131.33354,0.457,0.1,0.008,1824,712
90.09666,18.023148,102.46162,112.924095,132.89282,0.463,0.066,0.004,1825,1766
93.4487,18.549675,106.3178,116.87331,138.58682,0.589,0.142,0.011,1826,989
89.42586,17.680828,101.7119,111.493065,133.08566,0.431,0.054,0.001,1827,501
93.77634,18.859056,106.617096,118.89448,141.36485,0.588,0.162,0.02,1828,1968
89.69167,17.909033,101.4152,112.5808,133.71306,0.442,0.053,0.004,1829,413
87.261505,17.755095,98.89375,110.931984,126.07756,0.37,0.062,0.004,1830,1758
87.926674,17.990986,99.5114,111.24469,129.10983,0.402,0.075,0.008,1831,1560
90.12136,18.031748,101.7782,113.35638,132.67303,0.442,0.091,0.01,1832,1611
90.98745,17.787058,102.91283,113.76951,129.23225,0.487,0.08,0.007,1833,1892
95.04058,18.77723,107.46047,119.637886,140.5653,0.644,0.177,0.02,1834,874
93.43926,18.613605,106.957886,116.436874,138.57413,0.59,0.122,0.018,1835,1089
90.52338,19.107487,103.589035,115.27876,134.716,0.472,0.099,0.009,1836,1793
87.27168,17.569305,100.172134,109.730896,126.10172,0.368,0.047,0.001,1837,1872
90.77412,17.420692,102.20234,113.79839,131.1326,0.496,0.086,0.002,1838,508
89.89659,17.713686,102.1953,113.200714,130.92126,0.469,0.055,0.005,1839,1954
88.6288,18.409372,101.24655,112.817085,130.31664,0.434,0.095,0.012,1840,276
91.339714,18.458698,103.92726,114.62171,134.94193,0.508,0.104,0.011,1841,1593
88.42598,17.793785,100.067825,110.86445,130.78282,0.412,0.073,0.005,1842,1748
92.111664,18.147799,104.46771,116.476685,134.97546,0.528,0.1,0.011,1843,1792
90.366325,17.187002,103.0236,112.63436,129.52832,0.479,0.059,0.004,1844,1887
86.81247,17.327248,98.33543,109.25442,127.56922,0.34,0.029,0.003,1845,663
91.54457,18.27974,104.18993,115.29252,134.77773,0.52,0.12,0.016,1846,1571
88.58106,17.597942,100.48126,111.83365,128.6051,0.41,0.082,0.011,1847,518
92.87595,18.44396,104.8524,117.09664,137.29318,0.561,0.125,0.013,1848,1992
88.94889,18.69744,100.91201,113.14603,132.25128,0.42,0.07,0.003,1849,387
93.27614,19.05136,107.096375,117.4122,137.27571,0.578,0.135,0.026,1850,1487
91.78533,18.478579,104.13341,116.24921,133.78375,0.535,0.098,0.011,1851,1740
91.176735,18.05588,103.88069,114.095055,132.43321,0.514,0.11,0.009,1852,1714
90.03556,18.114262,102.9574,113.607155,131.58827,0.46,0.07,0.005,1853,510
93.94422,18.191803,106.52119,117.496155,137.62244,0.615,0.116,0.012,1854,1756
90.2382,18.127455,102.59657,113.31597,131.74037,0.464,0.08,0.008,1855,1753
88.742035,17.13706,100.12096,111.051895,130.10872,0.405,0.063,0.004,1856,935
92.36427,19.22946,105.34292,118.800316,135.19225,0.555,0.112,0.016,1857,564
92.004295,19.303598,104.99873,116.979256,138.83559,0.55,0.114,0.013,1858,1541
91.83517,18.442728,103.87236,115.314896,133.23962,0.535,0.088,0.003,1859,1030
91.333084,18.52544,103.744995,116.45646,133.43716,0.509,0.123,0.012,1860,762
89.40152,18.398882,101.4646,112.629234,131.63065,0.441,0.063,0.007,1861,513
93.058426,19.100096,105.80389,118.248825,137.89865,0.59,0.152,0.019,1862,1848
90.393234,18.037933,102.83629,113.49864,133.30725,0.465,0.084,0.008,1863,1360
90.50737,17.838762,102.30347,113.69419,131.31366,0.472,0.064,0.003,1864,1816
89.68735,18.444996,102.25881,113.86081,131.32658,0.453,0.077,0.007,1865,959
88.08725,17.884504,99.78549,111.18965,131.44604,0.388,0.046,0.001,1866,576
91.65977,19.072876,104.46666,115.68267,138.04326,0.526,0.096,0.007,1867,1227
92.855606,18.314222,104.35042,116.66249,137.05705,0.581,0.102,0.004,1868,1797
90.22835,17.92072,102.47628,113.729805,130.87833,0.466,0.069,0.005,1869,1512
92.01464,18.445646,104.08957,116.412544,132.35919,0.533,0.118,0.011,1870,1257
88.513725,18.375744,100.50834,112.65384,128.91476,0.415,0.061,0.005,1871,1904
89.17014,17.152426,100.59063,111.74946,127.137375,0.404,0.053,0.002,1872,1640
89.409294,17.161419,101.33078,111.433044,128.22496,0.424,0.049,0.003,1873,1073
89.53608,18.185913,101.845566,112.75121,130.626,0.435,0.071,0.006,1874,1418
93.67329,18.773668,106.23065,117.55006,138.0399,0.582,0.131,0.01,1875,903
89.29188,17.705084,101.39194,112.591286,129.55632,0.422,0.053,0.003,1876,873
91.08885,18.217869,103.23552,113.89772,133.25366,0.509,0.093,0.006,1877,1442
91.38084,18.159933,104.14663,114.08445,132.78017,0.514,0.102,0.012,1878,690
93.61188,18.64337,106.08931,118.06809,138.72893,0.59,0.154,0.013,1879,1881
88.16092,17.369957,99.59904,110.56649,128.24579,0.385,0.051,0.004,1880,1874
91.719765,18.567057,104.869064,115.19134,134.04308,0.537,0.095,0.005,1881,599
90.618576,18.326006,102.67512,114.77525,133.64833,0.488,0.073,0.011,1882,1392
90.19663,18.135185,102.011246,112.78267,133.8164,0.473,0.095,0.006,1883,1065
92.07172,18.282715,104.02432,115.83706,135.25835,0.538,0.099,0.006,1884,1970
90.33831,19.141546,103.157776,115.12691,137.21645,0.476,0.106,0.013,1885,379
88.34248,17.24402,99.82458,111.26704,128.7943,0.402,0.044,0.005,1886,1711
86.52517,16.877241,98.19295,108.56645,125.13418,0.328,0.04,0.004,1887,466
88.64891,18.358244,100.600914,112.16821,130.80017,0.414,0.07,0.002,1888,1420
89.07085,18.609562,101.1201,113.36046,133.16136,0.436,0.083,0.011,1889,1354
93.18978,18.45581,105.676155,116.90137,138.13026,0.582,0.114,0.006,1890,1234
88.495094,17.618595,100.04523,111.665,128.96165,0.4,0.042,0.002,1891,558
91.017006,18.453106,103.625244,114.54599,135.24754,0.511,0.091,0.007,1892,1789
90.55522,17.539322,102.29967,112.84179,131.74953,0.47,0.055,0.002,1893,808
93.12041,19.69849,106.20077,118.29425,139.71338,0.563,0.154,0.019,1894,511
88.71058,18.049755,101.112206,112.346825,131.06895,0.383,0.057,0.005,1895,1705
92.48961,18.575153,105.13343,117.77198,136.27898,0.546,0.12,0.01,1896,1429
92.98904,19.24558,106.16763,117.01176,139.30627,0.569,0.126,0.008,1897,1449
86.93304,16.876698,98.09632,109.21889,125.837006,0.35,0.04,0.003,1898,210
87.8011,17.397635,99.46943,110.749466,127.28594,0.384,0.037,0.002,1899,1150
94.31482,19.547676,107.48826,120.81571,138.5568,0.603,0.173,0.026,1900,603
88.569595,17.765448,100.94417,111.95477,127.26879,0.411,0.06,0.007,1901,1327
92.48545,18.649595,104.80812,116.799194,139.54533,0.562,0.107,0.006,1902,1252
89.40684,17.425592,100.81545,112.26812,128.42006,0.439,0.067,0.002,1903,1153
89.47683,18.579494,101.74308,113.27242,133.83925,0.427,0.071,0.004,1904,834
89.01509,17.382496,101.07558,110.84431,129.76929,0.422,0.043,0.002,1905,1509
91.939,18.029037,103.79658,115.471825,135.98262,0.535,0.093,0.008,1906,1973
89.72196,19.297457,102.36316,114.53129,135.81618,0.448,0.095,0.009,1907,1511
87.88452,17.211866,99.03126,110.5707,127.40717,0.374,0.038,0.003,1908,1258
89.225945,17.882929,100.71704,111.9397,129.68001,0.417,0.056,0.004,1909,882
90.59872,17.832848,102.44505,113.85223,132.11168,0.478,0.093,0.006,1910,1947
88.935555,18.65323,101.49865,113.347946,131.2491,0.419,0.094,0.007,1911,1098
88.82571,17.53458,100.97601,110.89598,127.325554,0.417,0.043,0.004,1912,1815
87.058685,16.881247,98.58812,108.69952,126.25509,0.338,0.031,0.003,1913,792
92.57964,18.391354,105.39746,116.07394,135.1179,0.571,0.101,0.014,1914,333
92.37024,19.018948,105.331955,116.29466,137.8329,0.564,0.127,0.016,1915,985
92.63242,18.161749,104.373314,116.587776,135.74722,0.56,0.092,0.004,1916,1846
88.8465,17.004976,100.74883,110.09927,130.0191,0.405,0.054,0.003,1917,1787
90.93572,17.756308,103.074715,113.669785,132.27574,0.48,0.079,0.006,1918,403
89.90008,18.36702,102.22664,114.2683,132.6664,0.474,0.088,0.007,1919,1654
90.443405,17.922836,102.04695,114.69398,132.28528,0.467,0.078,0.008,1920,391
86.795784,17.197897,97.97337,109.18243,127.47103,0.316,0.034,0.001,1921,1802
89.06037,18.011015,101.46314,112.655556,131.24431,0.429,0.05,0.004,1922,1922
84.82941,16.721102,95.73797,106.84884,125.38746,0.262,0.021,0.002,1923,768
89.84008,18.362616,102.58443,113.26229,134.30734,0.454,0.086,0.013,1924,1461
90.0785,18.919813,102.904564,114.537094,133.96774,0.463,0.097,0.009,1925,1909
91.75395,18.648767,104.71226,114.973915,134.89734,0.518,0.091,0.009,1926,507
90.05706,18.085314,102.21301,114.18363,133.1759,0.455,0.082,0.007,1927,1672
90.53281,18.188166,102.589905,113.410545,134.57623,0.483,0.094,0.011,1928,1439
90.84971,17.756578,102.77405,114.47513,135.87108,0.491,0.071,0.005,1929,470
91.94038,18.274895,104.276566,115.801186,136.36412,0.522,0.107,0.015,1930,1778
90.738365,19.36154,103.69415,116.27361,136.18086,0.486,0.117,0.012,1931,1913
90.02166,17.8595,102.011734,113.38571,132.05185,0.446,0.066,0.001,1932,1599
91.23911,18.577692,103.87937,114.66348,136.46281,0.496,0.096,0.013,1933,1524
93.64208,19.073313,107.333145,117.26616,140.9139,0.591,0.153,0.021,1934,1697
91.86936,18.737999,104.66301,115.01076,136.89745,0.525,0.091,0.006,1935,1900
90.344246,18.176422,102.7046,114.564575,132.57031,0.478,0.081,0.008,1936,1988
90.111595,17.863735,102.44894,113.90546,129.77171,0.473,0.077,0.003,1937,1902
87.14803,16.978743,98.513885,109.15241,125.959175,0.362,0.042,0.003,1938,924
89.622,17.691454,101.7232,112.44546,131.31857,0.432,0.063,0.005,1939,1873
90.531494,17.681183,102.14011,114.63748,131.08577,0.476,0.068,0.003,1940,1742
92.742775,18.380943,105.36829,116.37013,138.39629,0.578,0.109,0.008,1941,1202
89.06849,18.885836,101.588,115.26775,133.33517,0.437,0.093,0.018,1942,1984
90.02755,18.410574,102.28737,113.46614,134.70613,0.474,0.101,0.012,1943,933
90.38336,18.389706,102.61836,114.56748,132.97418,0.481,0.09,0.007,1944,1964
89.75378,18.106327,101.940575,113.15569,132.47281,0.454,0.093,0.008,1945,1562
87.261955,17.401941,98.72492,110.93436,127.74833,0.351,0.041,0.001,1946,1989
91.022675,19.08572,103.89134,114.44842,138.81572,0.494,0.11,0.007,1947,1539
90.92234,17.93546,102.51312,113.254196,135.07224,0.487,0.078,0.005,1948,1300
93.21213,18.48285,105.531044,117.97294,137.31345,0.582,0.137,0.011,1949,1072
90.847885,17.965305,102.422035,114.50847,134.09406,0.495,0.066,0.007,1950,998
92.403435,19.022312,105.02752,116.83468,139.78046,0.54,0.119,0.01,1951,654
90.2246,17.7796,102.21116,113.44504,131.58496,0.464,0.066,0.007,1952,996
87.716484,18.101189,100.431915,110.995735,128.91187,0.39,0.055,0.004,1953,1649
90.92979,18.520712,103.46945,115.350105,132.59258,0.505,0.1,0.01,1954,1502
90.83761,18.576267,102.94225,114.23878,132.97136,0.494,0.095,0.009,1955,1777
92.34447,18.748512,105.11138,115.6195,137.22633,0.552,0.128,0.013,1956,1736
90.55194,19.262894,103.03403,114.97419,135.0633,0.481,0.102,0.01,1957,653
93.183624,18.222246,105.62515,116.01125,135.5998,0.59,0.106,0.011,1958,1451
89.89728,18.124252,102.11574,112.99742,130.79091,0.449,0.068,0.007,1959,1096
91.83654,17.844936,103.44542,114.38725,135.61273,0.533,0.107,0.006,1960,828
90.457535,17.925152,102.39003,113.83888,132.22745,0.468,0.08,0.008,1961,487
89.900826,18.570026,102.26339,113.90595,135.4562,0.454,0.083,0.004,1962,1914
88.04972,17.311548,99.78708,109.3024,126.966835,0.374,0.058,0.005,1963,1375
89.005,18.600754,101.75157,113.005714,130.59587,0.42,0.079,0.008,1964,986
92.559074,19.423147,105.17362,118.02278,138.928,0.562,0.156,0.028,1965,1563
90.17686,18.307878,102.729095,113.967155,132.14726,0.459,0.087,0.006,1966,956
88.00197,17.156607,99.65056,109.7061,129.07251,0.366,0.047,0.004,1967,1838
92.14267,18.006447,103.44741,115.51104,135.11691,0.52,0.096,0.005,1968,1099
87.587746,17.417797,98.92786,110.534515,128.18912,0.357,0.049,0.002,1969,1831
94.80823,19.321373,108.24276,119.42579,139.7538,0.626,0.223,0.029,1970,791
93.9925,18.394548,106.0894,117.62945,138.34576,0.604,0.126,0.014,1971,353
88.678925,17.516222,100.313965,111.970024,127.81006,0.396,0.052,0.001,1972,1939
91.24604,18.656002,103.799706,114.82457,136.32599,0.496,0.089,0.004,1973,352
89.31466,17.38989,100.42893,112.71764,129.19678,0.409,0.063,0.004,1974,1899
88.9375,18.368135,101.14837,113.54863,130.92809,0.426,0.073,0.007,1975,1468
90.75375,17.806374,102.33095,113.33766,134.34998,0.504,0.083,0.005,1976,637
88.3795,18.164799,100.89243,111.98728,130.52985,0.408,0.062,0.002,1977,694
89.51646,17.380547,100.743866,112.528,130.9786,0.433,0.066,0.005,1978,1677
90.75249,18.648499,103.29016,115.199875,133.88452,0.504,0.103,0.012,1979,741
91.8249,18.593788,104.381134,115.11674,136.33803,0.54,0.093,0.008,1980,1228
91.00726,17.737047,102.46901,114.00576,135.36261,0.493,0.08,0.005,1981,1031
91.02139,17.741415,102.83602,113.94075,131.63885,0.497,0.074,0.009,1982,1046
87.15592,17.570778,98.7505,109.56107,127.0041,0.352,0.033,0.003,1983,1924
93.39254,18.76903,106.17613,117.0673,139.2952,0.58,0.135,0.017,1984,382
90.01531,18.90035,103.33832,114.620575,134.69499,0.454,0.076,0.011,1985,801
90.46617,18.16326,102.347855,114.391106,132.17915,0.472,0.064,0.005,1986,1165
86.36003,17.51801,97.87311,109.1615,127.27758,0.336,0.035,0.002,1987,504
88.91939,17.175133,101.04018,111.0292,126.94965,0.411,0.043,0.003,1988,1888
88.48731,18.10975,100.488815,111.548325,132.72496,0.422,0.069,0.004,1989,1443
90.93662,18.605103,103.438416,115.04531,133.87048,0.486,0.091,0.005,1990,1406
87.82475,17.461452,98.721146,110.95876,128.7528,0.374,0.043,0.002,1991,1590
89.99907,18.194069,101.86951,112.9002,133.46588,0.471,0.078,0.01,1992,670
89.813,18.495338,102.477936,113.68553,132.78853,0.445,0.064,0.005,1993,1781
89.253555,17.99025,101.79114,113.527245,129.75905,0.432,0.063,0.005,1994,1574
92.89324,18.564968,105.87,116.45181,135.77809,0.581,0.116,0.013,1995,1671
89.3094,17.911678,100.88463,111.85103,129.55434,0.438,0.056,0.002,1996,1386
92.28251,19.122076,105.55496,116.40749,138.02509,0.54,0.139,0.017,1997,1198
88.32006,18.846636,100.42598,112.44083,132.52551,0.391,0.069,0.003,1998,1079
91.42942,17.817062,103.159615,114.13448,132.9293,0.513,0.094,0.007,1999,1800
